definition,type,category,16,17,18,19,20,21,22,23,24,25,26,27,28,29,30
baa baa,word,sounds,0.47,0.57,0.61,0.69,0.7,0.63,0.78,0.77,0.79,0.82,0.83,0.82,0.9,0.86,0.92
choo choo,word,sounds,0.28,0.33,0.51,0.59,0.61,0.59,0.73,0.78,0.81,0.83,0.85,0.85,0.95,0.87,0.93
cockadoodledoo,word,sounds,0.13,0.11,0.19,0.25,0.27,0.34,0.39,0.38,0.5,0.53,0.56,0.53,0.75,0.57,0.73
grrr,word,sounds,0.54,0.57,0.63,0.66,0.66,0.64,0.75,0.79,0.83,0.79,0.86,0.81,0.94,0.83,0.89
meow,word,sounds,0.5,0.49,0.68,0.72,0.73,0.79,0.82,0.86,0.9,0.9,0.94,0.91,0.97,0.93,0.97
moo,word,sounds,0.55,0.61,0.71,0.76,0.78,0.76,0.85,0.91,0.9,0.9,0.92,0.9,0.97,0.93,0.97
ouch,word,sounds,0.43,0.45,0.6,0.65,0.73,0.75,0.75,0.87,0.83,0.87,0.89,0.9,0.95,0.89,0.94
quack quack,word,sounds,0.46,0.46,0.58,0.62,0.68,0.62,0.75,0.82,0.83,0.85,0.89,0.83,0.95,0.86,0.96
uh oh,word,sounds,0.76,0.78,0.87,0.9,0.89,0.89,0.9,0.93,0.94,0.94,0.95,0.93,0.98,0.94,0.96
vroom,word,sounds,0.49,0.46,0.6,0.62,0.57,0.67,0.69,0.72,0.76,0.73,0.72,0.71,0.87,0.73,0.81
woof woof,word,sounds,0.6,0.63,0.72,0.75,0.74,0.75,0.81,0.85,0.88,0.87,0.9,0.88,0.96,0.91,0.94
yum yum,word,sounds,0.56,0.53,0.61,0.63,0.64,0.59,0.67,0.73,0.71,0.77,0.82,0.67,0.89,0.77,0.85
alligator,word,animals,0.03,0.05,0.1,0.13,0.18,0.21,0.28,0.38,0.46,0.5,0.61,0.58,0.8,0.72,0.79
animal,word,animals,0.05,0.07,0.14,0.22,0.26,0.31,0.44,0.49,0.56,0.55,0.66,0.7,0.81,0.73,0.83
ant,word,animals,0.05,0.07,0.16,0.2,0.26,0.25,0.34,0.44,0.49,0.55,0.65,0.66,0.79,0.7,0.84
bear,word,animals,0.34,0.34,0.5,0.56,0.6,0.62,0.69,0.78,0.79,0.81,0.86,0.86,0.95,0.88,0.95
bee,word,animals,0.18,0.25,0.36,0.49,0.5,0.48,0.6,0.72,0.72,0.73,0.78,0.81,0.92,0.84,0.93
bird,word,animals,0.48,0.47,0.63,0.66,0.76,0.7,0.8,0.84,0.88,0.91,0.95,0.94,0.97,0.93,0.97
bug,word,animals,0.14,0.18,0.35,0.41,0.45,0.5,0.59,0.69,0.73,0.75,0.84,0.79,0.92,0.83,0.92
bunny,word,animals,0.22,0.22,0.43,0.47,0.57,0.55,0.65,0.71,0.75,0.79,0.82,0.82,0.93,0.85,0.92
butterfly,word,animals,0.08,0.1,0.21,0.28,0.31,0.38,0.45,0.54,0.65,0.69,0.72,0.75,0.89,0.81,0.92
cat,word,animals,0.42,0.45,0.53,0.66,0.68,0.68,0.8,0.85,0.84,0.86,0.94,0.88,0.96,0.96,0.95
chicken (animal),word,animals,0.08,0.11,0.25,0.29,0.34,0.4,0.54,0.58,0.66,0.67,0.76,0.79,0.88,0.82,0.89
cow,word,animals,0.22,0.29,0.47,0.53,0.54,0.54,0.7,0.79,0.8,0.83,0.88,0.84,0.96,0.89,0.95
deer,word,animals,0.06,0.08,0.14,0.16,0.18,0.27,0.34,0.37,0.39,0.42,0.46,0.52,0.7,0.55,0.69
dog,word,animals,0.68,0.72,0.78,0.83,0.82,0.85,0.87,0.94,0.92,0.94,0.98,0.96,0.99,0.97,0.96
donkey,word,animals,0.03,0.04,0.07,0.12,0.13,0.2,0.25,0.28,0.32,0.32,0.36,0.42,0.58,0.43,0.52
duck,word,animals,0.48,0.52,0.61,0.67,0.72,0.67,0.81,0.85,0.88,0.88,0.95,0.93,0.98,0.91,0.97
elephant,word,animals,0.08,0.11,0.23,0.31,0.32,0.38,0.53,0.6,0.67,0.68,0.79,0.78,0.91,0.83,0.95
fish (animal),word,animals,0.3,0.35,0.54,0.59,0.59,0.65,0.76,0.82,0.83,0.88,0.91,0.9,0.97,0.94,0.97
frog,word,animals,0.11,0.14,0.28,0.38,0.41,0.43,0.57,0.62,0.71,0.73,0.78,0.77,0.91,0.82,0.94
giraffe,word,animals,0.07,0.1,0.17,0.22,0.27,0.28,0.39,0.47,0.57,0.54,0.63,0.65,0.83,0.7,0.84
goose,word,animals,0.04,0.07,0.08,0.17,0.18,0.18,0.27,0.33,0.35,0.42,0.48,0.47,0.65,0.45,0.6
hen,word,animals,0.01,0.01,0.03,0.06,0.08,0.13,0.16,0.19,0.22,0.25,0.3,0.26,0.48,0.33,0.46
horse,word,animals,0.19,0.2,0.4,0.46,0.49,0.56,0.69,0.75,0.79,0.79,0.88,0.89,0.96,0.91,0.97
kitty,word,animals,0.45,0.38,0.6,0.64,0.61,0.69,0.76,0.79,0.79,0.84,0.88,0.84,0.94,0.89,0.94
lamb,word,animals,0.04,0.03,0.11,0.13,0.13,0.18,0.23,0.35,0.4,0.43,0.52,0.47,0.67,0.46,0.66
lion,word,animals,0.09,0.11,0.2,0.28,0.32,0.35,0.48,0.58,0.65,0.69,0.71,0.75,0.9,0.83,0.92
monkey,word,animals,0.12,0.2,0.3,0.41,0.43,0.47,0.63,0.68,0.75,0.79,0.85,0.83,0.94,0.85,0.94
moose,word,animals,0.03,0.05,0.07,0.11,0.09,0.11,0.21,0.23,0.28,0.28,0.35,0.36,0.52,0.42,0.48
mouse,word,animals,0.09,0.1,0.22,0.29,0.32,0.42,0.55,0.59,0.62,0.66,0.71,0.72,0.88,0.81,0.9
owl,word,animals,0.13,0.15,0.24,0.33,0.34,0.36,0.49,0.48,0.54,0.6,0.65,0.62,0.83,0.68,0.8
penguin,word,animals,0.02,0.03,0.09,0.13,0.15,0.25,0.27,0.35,0.37,0.4,0.44,0.45,0.67,0.6,0.69
pig,word,animals,0.17,0.21,0.37,0.49,0.48,0.5,0.65,0.74,0.77,0.82,0.82,0.8,0.95,0.92,0.95
pony,word,animals,0.03,0.02,0.06,0.12,0.14,0.22,0.28,0.24,0.31,0.34,0.44,0.46,0.59,0.51,0.58
puppy,word,animals,0.22,0.21,0.4,0.49,0.48,0.54,0.64,0.7,0.73,0.79,0.83,0.77,0.9,0.84,0.93
rooster,word,animals,0.02,0.02,0.05,0.09,0.11,0.15,0.21,0.24,0.32,0.35,0.44,0.48,0.62,0.44,0.61
sheep,word,animals,0.08,0.11,0.22,0.32,0.32,0.35,0.45,0.52,0.6,0.66,0.7,0.68,0.85,0.72,0.85
squirrel,word,animals,0.05,0.06,0.17,0.2,0.24,0.27,0.35,0.42,0.49,0.55,0.58,0.64,0.75,0.73,0.8
teddybear,word,animals,0.15,0.12,0.23,0.31,0.32,0.34,0.47,0.57,0.54,0.67,0.69,0.71,0.87,0.8,0.85
tiger,word,animals,0.08,0.09,0.19,0.23,0.25,0.3,0.42,0.53,0.57,0.59,0.68,0.69,0.84,0.75,0.88
turkey,word,animals,0.04,0.03,0.09,0.16,0.17,0.22,0.32,0.31,0.4,0.45,0.51,0.5,0.66,0.56,0.72
turtle,word,animals,0.11,0.13,0.25,0.34,0.35,0.4,0.47,0.59,0.66,0.69,0.69,0.7,0.88,0.82,0.91
wolf,word,animals,0.02,0.01,0.08,0.06,0.09,0.11,0.12,0.23,0.28,0.32,0.39,0.39,0.57,0.43,0.58
zebra,word,animals,0.04,0.08,0.15,0.2,0.22,0.22,0.35,0.43,0.5,0.51,0.62,0.57,0.78,0.69,0.81
airplane,word,vehicles,0.22,0.21,0.41,0.48,0.54,0.57,0.7,0.74,0.79,0.84,0.89,0.92,0.96,0.91,0.97
bicycle,word,vehicles,0.13,0.15,0.29,0.41,0.4,0.51,0.6,0.67,0.69,0.76,0.81,0.84,0.92,0.89,0.96
boat,word,vehicles,0.18,0.22,0.4,0.48,0.52,0.51,0.68,0.72,0.75,0.79,0.85,0.86,0.95,0.86,0.95
bus,word,vehicles,0.16,0.2,0.32,0.47,0.46,0.55,0.72,0.77,0.75,0.8,0.82,0.87,0.92,0.9,0.96
car,word,vehicles,0.39,0.47,0.66,0.75,0.73,0.78,0.86,0.91,0.91,0.94,0.92,0.95,0.98,0.97,0.99
firetruck,word,vehicles,0.05,0.03,0.13,0.2,0.22,0.3,0.42,0.47,0.55,0.63,0.62,0.66,0.83,0.77,0.88
helicopter,word,vehicles,0.04,0.04,0.1,0.16,0.17,0.26,0.34,0.43,0.5,0.59,0.62,0.69,0.79,0.65,0.83
motorcycle,word,vehicles,0.03,0.04,0.1,0.14,0.15,0.25,0.34,0.43,0.44,0.53,0.58,0.65,0.78,0.71,0.8
sled,word,vehicles,0.01,0.06,0.07,0.1,0.13,0.22,0.24,0.31,0.25,0.3,0.33,0.38,0.38,0.45,0.53
stroller,word,vehicles,0.06,0.05,0.16,0.21,0.22,0.18,0.27,0.33,0.48,0.53,0.54,0.54,0.83,0.54,0.79
tractor,word,vehicles,0.06,0.09,0.16,0.19,0.23,0.28,0.42,0.44,0.48,0.51,0.51,0.61,0.73,0.61,0.73
train,word,vehicles,0.12,0.17,0.34,0.41,0.49,0.48,0.69,0.74,0.78,0.79,0.85,0.88,0.95,0.9,0.97
tricycle,word,vehicles,0.01,0.03,0.04,0.05,0.09,0.1,0.2,0.17,0.26,0.31,0.35,0.38,0.5,0.42,0.57
truck,word,vehicles,0.29,0.33,0.51,0.58,0.62,0.65,0.78,0.8,0.85,0.87,0.92,0.91,0.97,0.93,0.97
ball,word,toys,0.77,0.79,0.9,0.91,0.95,0.94,0.96,0.98,0.96,0.97,0.98,0.98,0.99,0.98,0.99
balloon,word,toys,0.47,0.4,0.6,0.65,0.69,0.71,0.8,0.84,0.87,0.89,0.91,0.94,0.98,0.93,0.98
bat,word,toys,0.06,0.07,0.13,0.19,0.17,0.24,0.29,0.38,0.41,0.48,0.54,0.52,0.76,0.62,0.71
block,word,toys,0.19,0.22,0.37,0.42,0.45,0.49,0.59,0.65,0.67,0.71,0.76,0.81,0.9,0.8,0.93
book,word,toys,0.52,0.52,0.71,0.8,0.83,0.8,0.82,0.92,0.91,0.92,0.94,0.96,0.98,0.95,0.97
bubbles,word,toys,0.36,0.38,0.58,0.63,0.67,0.65,0.79,0.85,0.86,0.89,0.91,0.92,0.97,0.92,0.98
chalk,word,toys,0.02,0.03,0.07,0.12,0.11,0.19,0.28,0.29,0.36,0.39,0.41,0.47,0.64,0.54,0.69
crayon,word,toys,0.05,0.09,0.22,0.29,0.31,0.35,0.53,0.52,0.66,0.71,0.73,0.76,0.88,0.8,0.94
doll,word,toys,0.18,0.22,0.35,0.39,0.45,0.47,0.58,0.57,0.64,0.68,0.75,0.74,0.86,0.76,0.88
game,word,toys,0.01,0.03,0.06,0.12,0.12,0.19,0.29,0.29,0.41,0.43,0.46,0.58,0.74,0.68,0.82
glue,word,toys,0,0,0.03,0.05,0.05,0.06,0.1,0.12,0.19,0.24,0.31,0.38,0.51,0.45,0.59
pen,word,toys,0.07,0.1,0.19,0.25,0.3,0.4,0.43,0.53,0.55,0.62,0.68,0.69,0.83,0.73,0.86
pencil,word,toys,0.03,0.03,0.12,0.18,0.18,0.27,0.31,0.35,0.46,0.53,0.61,0.61,0.8,0.72,0.84
play dough,word,toys,0.01,0.03,0.07,0.08,0.12,0.18,0.26,0.29,0.37,0.45,0.46,0.5,0.65,0.59,0.73
present,word,toys,0.01,0.03,0.05,0.1,0.13,0.17,0.33,0.37,0.52,0.56,0.6,0.65,0.81,0.7,0.85
puzzle,word,toys,0.03,0.04,0.15,0.21,0.2,0.26,0.38,0.43,0.57,0.62,0.65,0.71,0.85,0.75,0.88
story,word,toys,0.03,0.06,0.12,0.18,0.18,0.28,0.36,0.42,0.53,0.54,0.61,0.66,0.81,0.73,0.84
toy (object),word,toys,0.13,0.15,0.32,0.42,0.44,0.51,0.58,0.68,0.71,0.78,0.85,0.84,0.94,0.88,0.96
apple,word,food_drink,0.33,0.43,0.58,0.62,0.68,0.72,0.85,0.88,0.87,0.89,0.92,0.95,0.98,0.95,0.97
applesauce,word,food_drink,0.05,0.05,0.14,0.15,0.23,0.28,0.39,0.45,0.48,0.5,0.54,0.57,0.73,0.65,0.84
banana,word,food_drink,0.52,0.56,0.66,0.73,0.76,0.77,0.87,0.9,0.87,0.91,0.92,0.93,0.98,0.94,0.97
beans,word,food_drink,0.07,0.1,0.21,0.26,0.28,0.38,0.4,0.45,0.51,0.51,0.68,0.62,0.78,0.62,0.82
bread,word,food_drink,0.15,0.14,0.3,0.38,0.41,0.49,0.59,0.64,0.7,0.78,0.79,0.84,0.93,0.9,0.94
butter,word,food_drink,0.04,0.05,0.12,0.19,0.24,0.3,0.42,0.44,0.52,0.6,0.68,0.71,0.82,0.73,0.85
cake,word,food_drink,0.08,0.1,0.25,0.32,0.36,0.4,0.58,0.64,0.76,0.77,0.81,0.84,0.92,0.89,0.93
candy,word,food_drink,0.07,0.12,0.23,0.33,0.35,0.41,0.5,0.59,0.66,0.75,0.81,0.79,0.92,0.87,0.93
carrots,word,food_drink,0.06,0.07,0.2,0.23,0.26,0.35,0.42,0.47,0.57,0.6,0.69,0.69,0.86,0.8,0.91
cereal,word,food_drink,0.11,0.14,0.3,0.37,0.38,0.49,0.51,0.63,0.68,0.74,0.81,0.77,0.92,0.86,0.94
cheerios,word,food_drink,0.16,0.19,0.27,0.29,0.34,0.4,0.47,0.52,0.52,0.61,0.63,0.69,0.79,0.74,0.84
cheese,word,food_drink,0.36,0.41,0.57,0.64,0.69,0.67,0.78,0.83,0.87,0.86,0.92,0.93,0.96,0.92,0.97
chicken (food),word,food_drink,0.08,0.09,0.24,0.3,0.36,0.45,0.54,0.56,0.64,0.72,0.75,0.82,0.9,0.84,0.91
chocolate,word,food_drink,0.03,0.04,0.11,0.14,0.21,0.23,0.38,0.41,0.5,0.51,0.59,0.68,0.79,0.74,0.87
coffee,word,food_drink,0.04,0.04,0.15,0.2,0.24,0.28,0.4,0.43,0.5,0.58,0.61,0.63,0.79,0.67,0.78
coke,word,food_drink,0.04,0.04,0.09,0.13,0.15,0.18,0.25,0.2,0.34,0.4,0.41,0.37,0.54,0.44,0.56
cookie,word,food_drink,0.38,0.36,0.57,0.69,0.66,0.7,0.78,0.84,0.88,0.91,0.94,0.91,0.98,0.94,0.98
corn,word,food_drink,0.05,0.08,0.17,0.24,0.27,0.3,0.44,0.48,0.55,0.6,0.72,0.73,0.84,0.75,0.88
cracker,word,food_drink,0.34,0.32,0.5,0.58,0.59,0.59,0.71,0.78,0.77,0.81,0.84,0.84,0.95,0.86,0.96
donut,word,food_drink,0.03,0.05,0.1,0.12,0.15,0.18,0.26,0.36,0.37,0.46,0.53,0.54,0.68,0.62,0.72
drink (beverage),word,food_drink,0.18,0.21,0.33,0.41,0.46,0.56,0.65,0.71,0.72,0.74,0.82,0.81,0.92,0.86,0.94
egg,word,food_drink,0.12,0.16,0.26,0.35,0.41,0.49,0.57,0.64,0.68,0.74,0.79,0.79,0.91,0.83,0.92
fish (food),word,food_drink,0.15,0.19,0.31,0.39,0.42,0.46,0.56,0.6,0.65,0.68,0.76,0.74,0.87,0.81,0.89
food,word,food_drink,0.07,0.14,0.21,0.29,0.31,0.37,0.48,0.55,0.58,0.61,0.69,0.7,0.83,0.83,0.88
french fries,word,food_drink,0.07,0.11,0.22,0.33,0.33,0.39,0.49,0.56,0.62,0.7,0.8,0.78,0.9,0.81,0.91
grapes,word,food_drink,0.09,0.15,0.29,0.37,0.41,0.45,0.59,0.63,0.69,0.73,0.79,0.83,0.9,0.86,0.95
green beans,word,food_drink,0.03,0.04,0.11,0.11,0.15,0.18,0.23,0.3,0.36,0.41,0.43,0.42,0.59,0.49,0.68
gum,word,food_drink,0.01,0.04,0.08,0.15,0.13,0.16,0.31,0.3,0.34,0.44,0.56,0.54,0.61,0.63,0.69
hamburger,word,food_drink,0.02,0.05,0.11,0.17,0.2,0.28,0.36,0.44,0.47,0.6,0.7,0.72,0.78,0.77,0.83
ice,word,food_drink,0.11,0.12,0.25,0.34,0.36,0.41,0.51,0.59,0.64,0.72,0.71,0.75,0.86,0.81,0.88
ice cream,word,food_drink,0.1,0.14,0.26,0.36,0.39,0.37,0.6,0.65,0.71,0.78,0.87,0.85,0.93,0.9,0.95
jello,word,food_drink,0.02,0.04,0.08,0.1,0.12,0.14,0.18,0.19,0.3,0.36,0.43,0.45,0.6,0.47,0.62
jelly,word,food_drink,0.02,0.02,0.08,0.11,0.14,0.15,0.26,0.3,0.35,0.44,0.46,0.58,0.72,0.59,0.79
juice,word,food_drink,0.44,0.31,0.58,0.67,0.69,0.76,0.82,0.85,0.86,0.86,0.95,0.9,0.97,0.91,0.98
lollipop,word,food_drink,0.01,0.03,0.08,0.12,0.13,0.16,0.24,0.24,0.32,0.44,0.39,0.49,0.62,0.6,0.65
meat,word,food_drink,0.04,0.06,0.11,0.17,0.23,0.24,0.29,0.36,0.45,0.48,0.61,0.55,0.7,0.6,0.74
melon,word,food_drink,0.03,0.02,0.08,0.11,0.16,0.21,0.22,0.3,0.31,0.35,0.46,0.46,0.56,0.46,0.62
milk,word,food_drink,0.34,0.43,0.57,0.72,0.67,0.72,0.79,0.88,0.86,0.87,0.93,0.93,0.97,0.96,0.97
muffin,word,food_drink,0.02,0.04,0.09,0.14,0.21,0.2,0.35,0.33,0.43,0.42,0.51,0.56,0.69,0.67,0.75
noodles,word,food_drink,0.09,0.09,0.21,0.26,0.32,0.38,0.46,0.48,0.56,0.56,0.66,0.65,0.8,0.69,0.87
nuts,word,food_drink,0.01,0.03,0.05,0.11,0.12,0.17,0.17,0.26,0.35,0.34,0.51,0.47,0.61,0.62,0.71
orange (food),word,food_drink,0.07,0.11,0.22,0.32,0.34,0.41,0.53,0.61,0.62,0.66,0.79,0.78,0.9,0.87,0.94
pancake,word,food_drink,0.05,0.07,0.17,0.23,0.23,0.26,0.41,0.5,0.55,0.58,0.65,0.72,0.8,0.73,0.88
peas,word,food_drink,0.12,0.09,0.21,0.29,0.28,0.31,0.37,0.47,0.53,0.54,0.65,0.61,0.73,0.65,0.81
peanut butter,word,food_drink,0.03,0.06,0.12,0.22,0.19,0.28,0.41,0.44,0.5,0.58,0.61,0.71,0.82,0.75,0.86
pickle,word,food_drink,0.02,0.05,0.13,0.17,0.17,0.19,0.29,0.4,0.4,0.49,0.55,0.54,0.69,0.64,0.74
pizza,word,food_drink,0.1,0.14,0.31,0.37,0.46,0.48,0.62,0.71,0.74,0.79,0.85,0.89,0.94,0.88,0.96
popcorn,word,food_drink,0.04,0.08,0.18,0.22,0.28,0.33,0.38,0.44,0.58,0.63,0.71,0.69,0.84,0.76,0.9
popsicle,word,food_drink,0.03,0.05,0.14,0.15,0.2,0.27,0.34,0.34,0.41,0.51,0.58,0.64,0.73,0.71,0.78
potato chip,word,food_drink,0.04,0.08,0.18,0.23,0.24,0.32,0.35,0.46,0.51,0.61,0.69,0.64,0.84,0.73,0.86
potato,word,food_drink,0.03,0.06,0.11,0.17,0.2,0.22,0.41,0.41,0.47,0.51,0.58,0.61,0.78,0.73,0.78
pretzel,word,food_drink,0.04,0.05,0.12,0.17,0.19,0.19,0.33,0.34,0.43,0.44,0.46,0.5,0.75,0.59,0.78
pudding,word,food_drink,0.01,0.02,0.06,0.07,0.09,0.09,0.18,0.17,0.26,0.31,0.35,0.34,0.54,0.46,0.61
pumpkin,word,food_drink,0.04,0.05,0.14,0.18,0.2,0.25,0.32,0.39,0.48,0.47,0.56,0.57,0.74,0.65,0.81
raisin,word,food_drink,0.05,0.07,0.19,0.26,0.27,0.31,0.46,0.47,0.56,0.61,0.69,0.71,0.81,0.76,0.88
salt,word,food_drink,0.01,0.01,0.03,0.06,0.09,0.11,0.2,0.17,0.26,0.3,0.35,0.43,0.56,0.5,0.61
sandwich,word,food_drink,0.02,0.03,0.1,0.18,0.19,0.23,0.37,0.44,0.5,0.56,0.61,0.72,0.85,0.79,0.88
sauce,word,food_drink,0.02,0.01,0.05,0.08,0.14,0.11,0.26,0.25,0.33,0.29,0.38,0.39,0.59,0.57,0.64
soda/pop,word,food_drink,0.05,0.07,0.13,0.17,0.22,0.28,0.31,0.36,0.39,0.45,0.53,0.51,0.72,0.59,0.64
soup,word,food_drink,0.04,0.05,0.14,0.18,0.28,0.29,0.41,0.47,0.48,0.56,0.58,0.65,0.76,0.69,0.81
spaghetti,word,food_drink,0.05,0.08,0.15,0.18,0.23,0.28,0.34,0.46,0.55,0.57,0.69,0.68,0.83,0.75,0.88
strawberry,word,food_drink,0.06,0.09,0.17,0.21,0.26,0.35,0.43,0.51,0.54,0.61,0.68,0.65,0.8,0.8,0.86
toast,word,food_drink,0.12,0.12,0.23,0.3,0.35,0.33,0.46,0.54,0.58,0.6,0.68,0.72,0.84,0.72,0.87
tuna,word,food_drink,0.01,0.02,0.05,0.04,0.06,0.1,0.19,0.17,0.17,0.26,0.32,0.36,0.43,0.34,0.43
vanilla,word,food_drink,0,0,0.02,0.03,0.05,0.05,0.08,0.09,0.12,0.19,0.19,0.3,0.35,0.35,0.45
vitamins,word,food_drink,0.02,0.05,0.06,0.12,0.14,0.15,0.22,0.28,0.33,0.41,0.49,0.51,0.61,0.59,0.66
water (beverage),word,food_drink,0.3,0.32,0.48,0.58,0.63,0.62,0.75,0.8,0.84,0.86,0.89,0.95,0.95,0.92,0.95
yogurt,word,food_drink,0.08,0.15,0.28,0.33,0.34,0.38,0.53,0.54,0.57,0.61,0.62,0.71,0.75,0.74,0.87
beads,word,clothing,0.05,0.06,0.09,0.12,0.15,0.18,0.2,0.27,0.28,0.3,0.32,0.3,0.49,0.43,0.58
belt,word,clothing,0.04,0.04,0.12,0.18,0.2,0.23,0.28,0.36,0.42,0.47,0.54,0.56,0.71,0.59,0.76
bib,word,clothing,0.13,0.16,0.3,0.3,0.34,0.36,0.5,0.5,0.57,0.62,0.68,0.63,0.8,0.64,0.76
boots,word,clothing,0.1,0.14,0.26,0.31,0.42,0.46,0.59,0.65,0.65,0.69,0.7,0.77,0.86,0.84,0.88
button,word,clothing,0.18,0.15,0.29,0.38,0.39,0.39,0.55,0.61,0.63,0.66,0.72,0.69,0.89,0.77,0.91
coat,word,clothing,0.09,0.16,0.25,0.36,0.39,0.44,0.57,0.69,0.66,0.68,0.71,0.78,0.82,0.81,0.9
diaper,word,clothing,0.28,0.32,0.49,0.55,0.53,0.69,0.7,0.8,0.81,0.88,0.87,0.87,0.96,0.92,0.96
dress (object),word,clothing,0.05,0.05,0.1,0.17,0.2,0.25,0.35,0.41,0.48,0.48,0.62,0.57,0.74,0.66,0.8
gloves,word,clothing,0.01,0.04,0.07,0.1,0.14,0.14,0.25,0.3,0.36,0.41,0.46,0.48,0.62,0.56,0.66
hat,word,clothing,0.33,0.37,0.54,0.62,0.68,0.69,0.78,0.85,0.85,0.87,0.92,0.89,0.96,0.93,0.95
jacket,word,clothing,0.06,0.09,0.19,0.27,0.29,0.34,0.45,0.5,0.57,0.64,0.66,0.76,0.82,0.76,0.83
jeans,word,clothing,0.02,0.03,0.05,0.09,0.12,0.17,0.22,0.24,0.34,0.37,0.41,0.43,0.6,0.54,0.65
mittens,word,clothing,0.03,0.02,0.1,0.11,0.16,0.2,0.22,0.27,0.36,0.38,0.43,0.5,0.55,0.55,0.63
necklace,word,clothing,0.04,0.09,0.13,0.19,0.19,0.26,0.3,0.4,0.46,0.49,0.54,0.56,0.75,0.63,0.75
pajamas,word,clothing,0.06,0.08,0.2,0.23,0.3,0.34,0.45,0.61,0.61,0.7,0.73,0.77,0.87,0.83,0.92
pants,word,clothing,0.07,0.11,0.24,0.33,0.36,0.48,0.58,0.66,0.69,0.74,0.78,0.86,0.92,0.89,0.97
scarf,word,clothing,0,0,0.03,0.04,0.07,0.09,0.13,0.12,0.15,0.17,0.21,0.21,0.35,0.33,0.42
shirt,word,clothing,0.09,0.16,0.3,0.37,0.42,0.48,0.65,0.69,0.72,0.75,0.81,0.84,0.93,0.86,0.96
shoe,word,clothing,0.51,0.6,0.76,0.83,0.87,0.81,0.92,0.95,0.93,0.94,0.96,0.97,0.98,0.97,0.98
shorts,word,clothing,0.04,0.05,0.11,0.16,0.18,0.23,0.33,0.43,0.47,0.55,0.65,0.71,0.82,0.73,0.81
slipper,word,clothing,0.03,0.02,0.09,0.13,0.14,0.22,0.29,0.36,0.38,0.39,0.52,0.48,0.7,0.57,0.67
sneaker,word,clothing,0.01,0.02,0.04,0.08,0.11,0.1,0.2,0.18,0.2,0.3,0.31,0.36,0.47,0.39,0.48
snowsuit,word,clothing,0,0.01,0.02,0.02,0.02,0.05,0.08,0.09,0.09,0.14,0.18,0.18,0.26,0.2,0.26
sock,word,clothing,0.3,0.22,0.44,0.47,0.46,0.44,0.5,0.59,0.71,0.75,0.82,0.78,0.95,0.79,0.9
sweater,word,clothing,0.07,0.19,0.2,0.3,0.36,0.4,0.53,0.62,0.52,0.54,0.64,0.65,0.68,0.75,0.81
tights,word,clothing,0.01,0.01,0.03,0.02,0.06,0.06,0.14,0.11,0.17,0.2,0.31,0.23,0.33,0.33,0.43
underpants,word,clothing,0.01,0.01,0.04,0.08,0.09,0.12,0.17,0.21,0.26,0.34,0.48,0.49,0.61,0.58,0.71
zipper,word,clothing,0.03,0.05,0.15,0.24,0.23,0.29,0.38,0.46,0.51,0.59,0.64,0.61,0.77,0.67,0.82
ankle,word,body_parts,0,0.01,0.04,0.07,0.08,0.12,0.12,0.18,0.19,0.25,0.29,0.3,0.49,0.36,0.51
arm,word,body_parts,0.08,0.18,0.24,0.36,0.38,0.51,0.57,0.7,0.72,0.76,0.81,0.81,0.93,0.89,0.96
belly button,word,body_parts,0.22,0.3,0.38,0.48,0.54,0.57,0.67,0.72,0.74,0.77,0.82,0.83,0.91,0.83,0.95
buttocks/bottom*,word,body_parts,0.09,0.14,0.26,0.36,0.38,0.49,0.55,0.63,0.68,0.75,0.78,0.8,0.91,0.83,0.9
cheek,word,body_parts,0.06,0.11,0.2,0.29,0.33,0.4,0.55,0.53,0.6,0.66,0.68,0.78,0.84,0.79,0.86
chin,word,body_parts,0.05,0.05,0.19,0.28,0.29,0.34,0.49,0.5,0.56,0.61,0.72,0.7,0.83,0.8,0.84
ear,word,body_parts,0.31,0.45,0.59,0.7,0.7,0.75,0.84,0.92,0.86,0.89,0.92,0.95,0.97,0.95,0.97
eye,word,body_parts,0.43,0.48,0.67,0.73,0.74,0.74,0.83,0.9,0.91,0.92,0.95,0.94,0.99,0.96,0.98
face,word,body_parts,0.05,0.06,0.16,0.26,0.23,0.33,0.44,0.52,0.59,0.61,0.77,0.72,0.86,0.79,0.88
finger,word,body_parts,0.07,0.19,0.28,0.38,0.43,0.52,0.6,0.72,0.74,0.75,0.84,0.84,0.91,0.88,0.96
foot,word,body_parts,0.14,0.15,0.39,0.44,0.46,0.48,0.63,0.71,0.76,0.84,0.87,0.91,0.95,0.9,0.97
hair,word,body_parts,0.21,0.27,0.45,0.55,0.59,0.67,0.73,0.83,0.82,0.86,0.88,0.92,0.97,0.93,0.96
hand,word,body_parts,0.11,0.15,0.29,0.39,0.49,0.57,0.66,0.77,0.74,0.81,0.85,0.89,0.95,0.93,0.95
head,word,body_parts,0.12,0.17,0.28,0.41,0.41,0.51,0.61,0.7,0.74,0.75,0.8,0.85,0.93,0.87,0.96
knee,word,body_parts,0.1,0.13,0.24,0.34,0.34,0.41,0.53,0.6,0.67,0.73,0.76,0.73,0.87,0.79,0.91
leg,word,body_parts,0.04,0.09,0.18,0.29,0.27,0.39,0.52,0.59,0.65,0.72,0.78,0.79,0.89,0.85,0.95
lips,word,body_parts,0.02,0.05,0.09,0.14,0.18,0.24,0.36,0.4,0.45,0.53,0.65,0.63,0.77,0.71,0.84
mouth,word,body_parts,0.18,0.27,0.43,0.56,0.54,0.57,0.7,0.75,0.79,0.81,0.87,0.88,0.95,0.89,0.96
nose,word,body_parts,0.41,0.47,0.65,0.75,0.76,0.76,0.86,0.9,0.91,0.92,0.93,0.95,0.98,0.95,0.98
owie/boo boo,word,body_parts,0.29,0.38,0.45,0.56,0.65,0.62,0.71,0.79,0.8,0.83,0.88,0.88,0.95,0.83,0.91
penis*,word,body_parts,0.07,0.08,0.16,0.18,0.22,0.28,0.29,0.43,0.42,0.42,0.48,0.52,0.64,0.51,0.55
shoulder,word,body_parts,0.01,0.01,0.03,0.11,0.11,0.16,0.24,0.28,0.34,0.4,0.49,0.49,0.62,0.55,0.7
toe,word,body_parts,0.18,0.28,0.38,0.47,0.47,0.54,0.61,0.69,0.73,0.74,0.83,0.82,0.92,0.86,0.94
tongue,word,body_parts,0.07,0.16,0.22,0.3,0.33,0.36,0.52,0.56,0.59,0.63,0.69,0.74,0.84,0.81,0.91
tooth,word,body_parts,0.16,0.17,0.32,0.38,0.43,0.41,0.53,0.59,0.7,0.72,0.79,0.81,0.92,0.86,0.9
tummy,word,body_parts,0.11,0.18,0.33,0.43,0.45,0.45,0.63,0.68,0.73,0.77,0.86,0.8,0.93,0.87,0.94
vagina*,word,body_parts,0.02,0.03,0.06,0.11,0.1,0.12,0.18,0.16,0.21,0.24,0.29,0.27,0.41,0.36,0.38
basket,word,household,0.03,0.05,0.14,0.18,0.19,0.25,0.33,0.4,0.46,0.5,0.59,0.59,0.76,0.67,0.82
blanket,word,household,0.18,0.22,0.39,0.47,0.51,0.58,0.65,0.78,0.79,0.83,0.86,0.87,0.95,0.92,0.96
bottle,word,household,0.42,0.36,0.49,0.53,0.58,0.61,0.7,0.71,0.74,0.78,0.86,0.83,0.92,0.86,0.93
bowl,word,household,0.11,0.12,0.26,0.33,0.35,0.42,0.49,0.58,0.64,0.71,0.75,0.76,0.89,0.8,0.95
box,word,household,0.12,0.17,0.28,0.37,0.39,0.44,0.55,0.61,0.65,0.72,0.76,0.83,0.88,0.85,0.92
broom,word,household,0.09,0.1,0.18,0.27,0.27,0.36,0.42,0.52,0.55,0.62,0.69,0.71,0.84,0.73,0.85
brush,word,household,0.17,0.15,0.32,0.36,0.4,0.44,0.58,0.64,0.69,0.7,0.74,0.79,0.9,0.82,0.92
bucket,word,household,0.03,0.05,0.09,0.17,0.14,0.24,0.28,0.36,0.41,0.48,0.52,0.54,0.72,0.63,0.78
camera,word,household,0.02,0.01,0.09,0.13,0.18,0.23,0.33,0.35,0.46,0.52,0.6,0.62,0.75,0.68,0.83
can (object),word,household,0.01,0.03,0.06,0.11,0.13,0.14,0.23,0.27,0.34,0.4,0.45,0.48,0.61,0.57,0.69
clock,word,household,0.14,0.15,0.29,0.34,0.38,0.38,0.49,0.55,0.61,0.65,0.67,0.72,0.85,0.79,0.89
comb,word,household,0.06,0.08,0.18,0.22,0.27,0.27,0.36,0.42,0.46,0.57,0.67,0.59,0.78,0.69,0.82
cup,word,household,0.24,0.3,0.46,0.57,0.6,0.64,0.77,0.79,0.8,0.88,0.91,0.91,0.95,0.91,0.97
dish,word,household,0.03,0.03,0.1,0.13,0.16,0.19,0.27,0.31,0.32,0.41,0.42,0.53,0.67,0.55,0.67
fork,word,household,0.07,0.15,0.27,0.35,0.41,0.47,0.64,0.68,0.71,0.75,0.81,0.89,0.92,0.81,0.93
garbage,word,household,0.03,0.07,0.1,0.17,0.22,0.23,0.28,0.4,0.4,0.46,0.54,0.59,0.66,0.61,0.71
glass,word,household,0.03,0.04,0.1,0.16,0.18,0.23,0.32,0.37,0.46,0.5,0.64,0.59,0.75,0.65,0.79
glasses,word,household,0.09,0.11,0.22,0.3,0.29,0.37,0.46,0.54,0.6,0.66,0.71,0.72,0.87,0.78,0.84
hammer,word,household,0.03,0.03,0.1,0.17,0.18,0.23,0.3,0.4,0.41,0.45,0.55,0.63,0.73,0.62,0.79
jar,word,household,0.03,0.11,0.13,0.19,0.22,0.31,0.38,0.42,0.31,0.36,0.38,0.47,0.44,0.58,0.57
keys,word,household,0.31,0.21,0.38,0.46,0.44,0.41,0.48,0.49,0.67,0.7,0.83,0.72,0.95,0.67,0.85
knife,word,household,0.02,0.01,0.1,0.14,0.16,0.24,0.38,0.42,0.47,0.56,0.62,0.66,0.8,0.69,0.83
lamp,word,household,0.01,0.02,0.05,0.1,0.14,0.15,0.23,0.26,0.31,0.36,0.4,0.47,0.58,0.5,0.66
light,word,household,0.25,0.2,0.42,0.44,0.53,0.55,0.69,0.7,0.77,0.79,0.86,0.85,0.94,0.86,0.95
medicine,word,household,0.04,0.05,0.14,0.22,0.22,0.29,0.38,0.46,0.55,0.62,0.71,0.68,0.84,0.75,0.87
money,word,household,0.06,0.08,0.16,0.27,0.31,0.37,0.43,0.55,0.59,0.65,0.78,0.75,0.9,0.79,0.89
mop,word,household,0.01,0.02,0.04,0.07,0.09,0.12,0.17,0.18,0.24,0.25,0.34,0.35,0.52,0.41,0.55
nail,word,household,0.01,0.01,0.03,0.1,0.05,0.12,0.18,0.26,0.27,0.34,0.38,0.46,0.58,0.51,0.63
napkin,word,household,0.02,0.04,0.1,0.15,0.22,0.28,0.39,0.43,0.54,0.57,0.66,0.64,0.82,0.72,0.87
paper,word,household,0.08,0.11,0.21,0.31,0.32,0.42,0.52,0.62,0.66,0.71,0.78,0.77,0.9,0.86,0.92
penny,word,household,0.02,0.03,0.08,0.1,0.13,0.18,0.27,0.31,0.36,0.45,0.54,0.55,0.67,0.61,0.7
picture,word,household,0.04,0.05,0.18,0.22,0.22,0.28,0.41,0.47,0.56,0.64,0.69,0.72,0.85,0.8,0.89
pillow,word,household,0.09,0.13,0.23,0.33,0.36,0.43,0.53,0.67,0.66,0.73,0.79,0.82,0.92,0.85,0.94
plant,word,household,0.02,0.05,0.1,0.13,0.18,0.22,0.29,0.31,0.37,0.44,0.54,0.51,0.67,0.6,0.75
plate,word,household,0.04,0.04,0.16,0.2,0.26,0.35,0.45,0.53,0.57,0.64,0.63,0.7,0.84,0.77,0.88
purse,word,household,0.05,0.07,0.15,0.22,0.22,0.34,0.36,0.41,0.51,0.54,0.62,0.65,0.79,0.67,0.8
radio,word,household,0.02,0.02,0.05,0.12,0.12,0.2,0.26,0.24,0.29,0.37,0.5,0.52,0.65,0.57,0.67
scissors,word,household,0.01,0.01,0.06,0.14,0.12,0.19,0.27,0.37,0.41,0.51,0.62,0.59,0.76,0.73,0.82
soap,word,household,0.07,0.1,0.23,0.3,0.36,0.44,0.52,0.57,0.68,0.75,0.75,0.83,0.91,0.83,0.91
spoon,word,household,0.2,0.26,0.45,0.52,0.58,0.62,0.73,0.79,0.77,0.83,0.86,0.89,0.95,0.89,0.96
tape,word,household,0.02,0.01,0.09,0.13,0.14,0.18,0.25,0.34,0.41,0.45,0.56,0.59,0.73,0.64,0.77
telephone,word,household,0.16,0.16,0.32,0.4,0.49,0.54,0.65,0.67,0.72,0.81,0.83,0.87,0.95,0.89,0.96
tissue/kleenex,word,household,0.03,0.04,0.11,0.19,0.21,0.31,0.36,0.4,0.52,0.54,0.64,0.63,0.82,0.68,0.83
toothbrush,word,household,0.12,0.16,0.33,0.37,0.44,0.47,0.6,0.7,0.72,0.77,0.78,0.85,0.94,0.87,0.95
towel,word,household,0.06,0.09,0.2,0.26,0.29,0.38,0.49,0.56,0.62,0.7,0.73,0.75,0.91,0.8,0.92
trash,word,household,0.07,0.11,0.21,0.29,0.27,0.35,0.45,0.45,0.54,0.51,0.6,0.62,0.78,0.69,0.8
tray,word,household,0.01,0.01,0.02,0.04,0.05,0.07,0.08,0.11,0.14,0.15,0.19,0.22,0.33,0.32,0.4
vacuum,word,household,0.06,0.08,0.18,0.26,0.26,0.32,0.39,0.42,0.49,0.57,0.62,0.69,0.8,0.73,0.83
walker,word,household,0,0,0.01,0.02,0.04,0.04,0.06,0.1,0.07,0.1,0.17,0.18,0.22,0.21,0.29
watch (object),word,household,0.07,0.08,0.2,0.24,0.25,0.3,0.42,0.43,0.52,0.57,0.66,0.65,0.83,0.7,0.83
basement,word,furniture_rooms,0.01,0.01,0.02,0.03,0.04,0.08,0.11,0.14,0.12,0.18,0.21,0.26,0.28,0.22,0.24
bathroom,word,furniture_rooms,0.04,0.06,0.16,0.23,0.28,0.34,0.49,0.54,0.59,0.67,0.72,0.73,0.88,0.83,0.92
bathtub,word,furniture_rooms,0.16,0.16,0.3,0.35,0.39,0.43,0.57,0.62,0.64,0.69,0.81,0.79,0.89,0.79,0.93
bed,word,furniture_rooms,0.11,0.21,0.37,0.43,0.53,0.59,0.68,0.79,0.81,0.85,0.84,0.91,0.96,0.91,0.97
bedroom,word,furniture_rooms,0.02,0.04,0.09,0.15,0.15,0.22,0.33,0.4,0.46,0.52,0.57,0.64,0.8,0.7,0.85
bench,word,furniture_rooms,0.01,0.01,0.02,0.05,0.04,0.06,0.1,0.12,0.14,0.18,0.23,0.25,0.4,0.37,0.48
chair,word,furniture_rooms,0.16,0.21,0.4,0.44,0.44,0.57,0.69,0.72,0.77,0.81,0.82,0.9,0.95,0.89,0.94
closet,word,furniture_rooms,0.01,0.01,0.05,0.11,0.11,0.17,0.27,0.28,0.42,0.44,0.55,0.62,0.74,0.69,0.8
couch,word,furniture_rooms,0.03,0.05,0.14,0.19,0.23,0.32,0.38,0.47,0.51,0.58,0.65,0.7,0.84,0.75,0.85
crib,word,furniture_rooms,0.03,0.04,0.11,0.15,0.21,0.26,0.35,0.37,0.46,0.5,0.59,0.58,0.73,0.64,0.76
door,word,furniture_rooms,0.23,0.27,0.39,0.48,0.52,0.59,0.71,0.75,0.79,0.84,0.86,0.92,0.95,0.91,0.96
drawer,word,furniture_rooms,0.02,0.02,0.05,0.09,0.08,0.15,0.18,0.24,0.33,0.34,0.49,0.51,0.64,0.58,0.67
dryer,word,furniture_rooms,0.01,0.01,0.05,0.09,0.07,0.1,0.17,0.23,0.27,0.33,0.42,0.42,0.61,0.52,0.66
garage,word,furniture_rooms,0.01,0.01,0.05,0.1,0.12,0.18,0.26,0.29,0.38,0.43,0.51,0.55,0.7,0.6,0.74
high chair,word,furniture_rooms,0.05,0.08,0.18,0.2,0.2,0.29,0.36,0.39,0.46,0.48,0.55,0.57,0.72,0.63,0.7
kitchen,word,furniture_rooms,0.03,0.05,0.13,0.2,0.22,0.32,0.41,0.54,0.56,0.62,0.73,0.75,0.86,0.79,0.91
living room,word,furniture_rooms,0.01,0.01,0.04,0.07,0.08,0.1,0.2,0.28,0.28,0.37,0.49,0.49,0.62,0.59,0.71
oven,word,furniture_rooms,0.01,0.02,0.05,0.13,0.12,0.2,0.26,0.29,0.36,0.4,0.49,0.51,0.66,0.63,0.75
play pen,word,furniture_rooms,0.01,0,0.02,0.04,0.04,0.04,0.09,0.09,0.1,0.12,0.2,0.21,0.32,0.24,0.32
porch,word,furniture_rooms,0,0,0.01,0.05,0.06,0.09,0.13,0.15,0.18,0.22,0.29,0.4,0.43,0.4,0.49
potty,word,furniture_rooms,0.11,0.2,0.34,0.47,0.49,0.54,0.65,0.7,0.77,0.8,0.84,0.84,0.93,0.88,0.94
rocking chair,word,furniture_rooms,0.04,0.04,0.11,0.16,0.2,0.2,0.35,0.32,0.38,0.45,0.49,0.55,0.65,0.61,0.73
refrigerator,word,furniture_rooms,0.02,0.04,0.07,0.16,0.16,0.18,0.27,0.31,0.42,0.5,0.59,0.58,0.79,0.66,0.81
room,word,furniture_rooms,0.03,0.04,0.1,0.18,0.17,0.27,0.35,0.45,0.51,0.58,0.66,0.65,0.83,0.75,0.86
shower,word,furniture_rooms,0.05,0.08,0.17,0.24,0.28,0.33,0.45,0.48,0.55,0.61,0.72,0.72,0.83,0.77,0.84
sink,word,furniture_rooms,0.02,0.03,0.09,0.13,0.17,0.23,0.34,0.4,0.46,0.5,0.65,0.65,0.76,0.74,0.82
sofa,word,furniture_rooms,0.01,0.01,0.04,0.07,0.08,0.08,0.11,0.16,0.21,0.22,0.27,0.34,0.42,0.41,0.42
stairs,word,furniture_rooms,0.05,0.06,0.13,0.21,0.19,0.22,0.4,0.38,0.47,0.55,0.64,0.58,0.83,0.66,0.79
stove,word,furniture_rooms,0.02,0.07,0.1,0.17,0.19,0.26,0.37,0.41,0.38,0.44,0.51,0.61,0.65,0.67,0.72
table,word,furniture_rooms,0.04,0.06,0.16,0.26,0.27,0.31,0.47,0.52,0.59,0.68,0.71,0.74,0.88,0.82,0.91
TV,word,furniture_rooms,0.1,0.15,0.31,0.38,0.42,0.49,0.63,0.64,0.73,0.78,0.83,0.82,0.95,0.89,0.93
window,word,furniture_rooms,0.04,0.05,0.11,0.2,0.23,0.21,0.3,0.36,0.48,0.53,0.64,0.65,0.84,0.72,0.82
washing machine,word,furniture_rooms,0.01,0.05,0.08,0.1,0.12,0.22,0.28,0.37,0.32,0.4,0.42,0.53,0.6,0.64,0.71
backyard,word,outside,0.02,0.01,0.06,0.09,0.11,0.15,0.23,0.26,0.33,0.37,0.48,0.5,0.69,0.6,0.73
cloud,word,outside,0.03,0.03,0.11,0.19,0.18,0.25,0.35,0.39,0.46,0.48,0.55,0.61,0.76,0.68,0.81
flag,word,outside,0.03,0.04,0.1,0.16,0.14,0.22,0.26,0.31,0.39,0.49,0.54,0.47,0.71,0.58,0.76
flower,word,outside,0.2,0.23,0.41,0.5,0.5,0.52,0.66,0.74,0.75,0.82,0.86,0.88,0.94,0.88,0.97
garden,word,outside,0.01,0,0.05,0.07,0.07,0.1,0.17,0.2,0.23,0.28,0.36,0.38,0.53,0.47,0.58
grass,word,outside,0.06,0.1,0.19,0.27,0.26,0.37,0.47,0.53,0.59,0.71,0.73,0.71,0.87,0.77,0.92
hose,word,outside,0.03,0.01,0.07,0.1,0.09,0.15,0.22,0.26,0.32,0.4,0.47,0.54,0.67,0.55,0.67
ladder,word,outside,0.01,0,0.06,0.08,0.09,0.17,0.17,0.32,0.31,0.39,0.48,0.52,0.65,0.55,0.67
lawn mower,word,outside,0.03,0.04,0.12,0.13,0.16,0.22,0.28,0.36,0.35,0.43,0.49,0.55,0.63,0.55,0.69
moon,word,outside,0.23,0.2,0.4,0.44,0.47,0.54,0.66,0.65,0.77,0.79,0.81,0.79,0.92,0.84,0.93
pool,word,outside,0.1,0.12,0.19,0.27,0.34,0.36,0.44,0.46,0.57,0.63,0.73,0.73,0.85,0.75,0.86
rain,word,outside,0.07,0.12,0.25,0.34,0.39,0.41,0.55,0.67,0.7,0.77,0.75,0.87,0.93,0.86,0.96
rock,word,outside,0.13,0.19,0.28,0.39,0.36,0.46,0.6,0.65,0.66,0.7,0.79,0.81,0.9,0.83,0.93
roof,word,outside,0.01,0,0.02,0.04,0.06,0.07,0.14,0.16,0.2,0.27,0.32,0.39,0.53,0.47,0.6
sandbox,word,outside,0.01,0.01,0.08,0.1,0.1,0.13,0.21,0.25,0.32,0.37,0.48,0.52,0.64,0.55,0.68
shovel,word,outside,0.04,0.03,0.08,0.16,0.16,0.24,0.28,0.4,0.39,0.48,0.53,0.6,0.75,0.63,0.78
sidewalk,word,outside,0.01,0.01,0.04,0.09,0.09,0.09,0.18,0.24,0.3,0.36,0.41,0.48,0.62,0.57,0.69
sky,word,outside,0.06,0.07,0.2,0.26,0.26,0.34,0.43,0.47,0.54,0.57,0.61,0.69,0.81,0.73,0.85
slide (object),word,outside,0.09,0.11,0.21,0.34,0.34,0.39,0.54,0.58,0.62,0.68,0.71,0.73,0.87,0.79,0.87
snow,word,outside,0.05,0.09,0.15,0.19,0.24,0.3,0.44,0.49,0.49,0.52,0.6,0.67,0.71,0.69,0.8
snowman,word,outside,0.01,0.02,0.04,0.08,0.1,0.17,0.24,0.29,0.32,0.4,0.46,0.5,0.61,0.59,0.75
sprinkler,word,outside,0.01,0.01,0.03,0.06,0.05,0.08,0.13,0.15,0.23,0.32,0.31,0.4,0.51,0.45,0.57
star,word,outside,0.11,0.18,0.25,0.31,0.37,0.5,0.53,0.56,0.67,0.72,0.71,0.76,0.88,0.82,0.91
stick,word,outside,0.05,0.08,0.16,0.21,0.2,0.26,0.38,0.48,0.54,0.57,0.66,0.71,0.81,0.72,0.87
stone,word,outside,0.01,0.01,0.05,0.05,0.07,0.08,0.16,0.14,0.19,0.24,0.29,0.3,0.41,0.34,0.46
street,word,outside,0.02,0.02,0.07,0.14,0.13,0.21,0.29,0.36,0.43,0.51,0.59,0.58,0.78,0.73,0.85
sun,word,outside,0.06,0.1,0.19,0.32,0.32,0.42,0.47,0.55,0.64,0.72,0.72,0.77,0.89,0.83,0.93
swing (object),word,outside,0.14,0.18,0.31,0.41,0.41,0.47,0.62,0.66,0.67,0.73,0.81,0.82,0.89,0.83,0.92
tree,word,outside,0.21,0.25,0.41,0.49,0.55,0.61,0.67,0.79,0.79,0.82,0.85,0.89,0.94,0.88,0.96
water (not beverage),word,outside,0.25,0.24,0.44,0.54,0.63,0.6,0.74,0.79,0.82,0.85,0.86,0.95,0.97,0.9,0.98
wind,word,outside,0.02,0.03,0.1,0.16,0.16,0.21,0.3,0.37,0.4,0.49,0.49,0.62,0.71,0.64,0.76
beach,word,places,0.05,0.03,0.07,0.15,0.19,0.2,0.27,0.29,0.29,0.41,0.49,0.59,0.68,0.59,0.71
camping,word,places,0.01,0,0.01,0.01,0.03,0.08,0.06,0.1,0.09,0.15,0.22,0.21,0.31,0.31,0.33
church*,word,places,0.03,0.09,0.12,0.18,0.2,0.23,0.28,0.32,0.38,0.45,0.56,0.46,0.57,0.58,0.69
circus,word,places,0,0,0.01,0.01,0.03,0.04,0.09,0.1,0.14,0.18,0.25,0.25,0.37,0.35,0.43
country,word,places,0,0,0,0,0.01,0.02,0.04,0.03,0.04,0.08,0.07,0.08,0.16,0.15,0.21
downtown,word,places,0,0,0,0.02,0.03,0.02,0.05,0.1,0.08,0.14,0.15,0.23,0.23,0.29,0.27
farm,word,places,0.01,0.01,0.04,0.09,0.11,0.12,0.2,0.26,0.28,0.35,0.39,0.47,0.57,0.49,0.65
gas station,word,places,0,0,0.03,0.03,0.05,0.06,0.14,0.16,0.2,0.26,0.35,0.37,0.56,0.56,0.64
home,word,places,0.11,0.18,0.31,0.41,0.43,0.48,0.6,0.67,0.72,0.81,0.84,0.85,0.91,0.83,0.93
house,word,places,0.08,0.12,0.24,0.32,0.34,0.4,0.51,0.61,0.65,0.72,0.74,0.78,0.88,0.83,0.93
movie,word,places,0.01,0.02,0.06,0.08,0.11,0.16,0.23,0.29,0.32,0.39,0.46,0.49,0.65,0.65,0.72
outside,word,places,0.23,0.3,0.43,0.52,0.59,0.62,0.71,0.76,0.76,0.79,0.85,0.87,0.93,0.87,0.95
park,word,places,0.07,0.13,0.21,0.29,0.32,0.37,0.53,0.55,0.61,0.67,0.76,0.75,0.85,0.81,0.9
party,word,places,0.01,0.01,0.07,0.09,0.12,0.16,0.23,0.32,0.44,0.5,0.58,0.55,0.76,0.68,0.77
picnic,word,places,0,0.01,0.03,0.05,0.07,0.06,0.1,0.19,0.24,0.26,0.41,0.45,0.52,0.51,0.64
playground,word,places,0.01,0.02,0.06,0.07,0.08,0.12,0.2,0.26,0.3,0.37,0.45,0.45,0.57,0.63,0.66
school,word,places,0.04,0.08,0.17,0.24,0.28,0.33,0.47,0.56,0.57,0.69,0.7,0.73,0.85,0.83,0.91
store,word,places,0.04,0.04,0.16,0.23,0.25,0.32,0.44,0.52,0.59,0.65,0.78,0.73,0.88,0.78,0.89
woods,word,places,0.01,0.01,0.01,0.02,0.02,0.07,0.06,0.09,0.08,0.15,0.19,0.23,0.27,0.26,0.37
work (place),word,places,0.06,0.05,0.15,0.2,0.24,0.28,0.44,0.48,0.57,0.64,0.72,0.73,0.86,0.74,0.88
yard,word,places,0.01,0.02,0.05,0.09,0.08,0.15,0.17,0.23,0.3,0.38,0.5,0.46,0.61,0.56,0.71
zoo,word,places,0.04,0.08,0.12,0.12,0.2,0.23,0.31,0.37,0.46,0.49,0.54,0.59,0.73,0.68,0.77
aunt,word,people,0.06,0.08,0.14,0.15,0.18,0.19,0.35,0.36,0.44,0.5,0.57,0.62,0.72,0.65,0.72
baby,word,people,0.53,0.6,0.73,0.75,0.81,0.85,0.87,0.93,0.91,0.94,0.97,0.92,0.98,0.96,0.97
babysitter,word,people,0.01,0,0.01,0.02,0.03,0.02,0.08,0.14,0.12,0.16,0.18,0.26,0.34,0.29,0.38
babysitter's name,word,people,0.19,0.2,0.25,0.3,0.31,0.33,0.41,0.46,0.48,0.48,0.6,0.61,0.68,0.59,0.72
boy,word,people,0.08,0.12,0.22,0.31,0.32,0.37,0.45,0.56,0.58,0.64,0.76,0.76,0.85,0.8,0.9
brother,word,people,0.07,0.13,0.14,0.18,0.18,0.26,0.26,0.34,0.35,0.39,0.51,0.48,0.61,0.56,0.64
child,word,people,0.01,0.01,0.03,0.03,0.04,0.04,0.08,0.11,0.15,0.16,0.16,0.26,0.33,0.3,0.37
clown,word,people,0.02,0.03,0.09,0.12,0.15,0.15,0.19,0.28,0.33,0.4,0.46,0.49,0.7,0.51,0.67
cowboy,word,people,0,0,0.01,0.02,0.03,0.04,0.09,0.12,0.16,0.19,0.22,0.23,0.41,0.36,0.47
daddy*,word,people,0.92,0.94,0.95,0.96,0.96,0.95,0.96,0.98,0.98,0.96,0.99,0.98,0.99,0.98,0.99
doctor,word,people,0.03,0.05,0.15,0.19,0.24,0.26,0.34,0.39,0.51,0.56,0.64,0.72,0.79,0.76,0.88
fireman,word,people,0,0.01,0.04,0.03,0.06,0.08,0.15,0.22,0.26,0.3,0.44,0.47,0.6,0.55,0.7
friend,word,people,0.02,0.02,0.06,0.09,0.13,0.14,0.25,0.31,0.34,0.38,0.48,0.5,0.68,0.64,0.78
girl,word,people,0.07,0.09,0.2,0.29,0.3,0.35,0.45,0.5,0.53,0.59,0.65,0.67,0.82,0.75,0.86
grandma*,word,people,0.41,0.44,0.58,0.65,0.69,0.74,0.82,0.86,0.86,0.9,0.94,0.91,0.96,0.94,0.98
grandpa*,word,people,0.34,0.39,0.54,0.58,0.61,0.67,0.76,0.79,0.79,0.86,0.88,0.85,0.93,0.9,0.94
lady,word,people,0.02,0.01,0.07,0.09,0.15,0.15,0.22,0.27,0.3,0.35,0.45,0.48,0.6,0.46,0.61
mailman,word,people,0.01,0.01,0.04,0.07,0.07,0.12,0.16,0.2,0.23,0.3,0.42,0.46,0.53,0.47,0.64
man,word,people,0.05,0.04,0.12,0.18,0.22,0.26,0.34,0.45,0.45,0.49,0.63,0.63,0.75,0.67,0.8
mommy*,word,people,0.93,0.93,0.97,0.97,0.96,0.97,0.96,0.99,0.99,0.97,0.99,0.98,0.99,0.98,0.99
nurse,word,people,0.01,0.01,0.01,0.02,0.04,0.05,0.08,0.08,0.1,0.14,0.21,0.19,0.3,0.26,0.39
child's own name,word,people,0.25,0.33,0.44,0.51,0.52,0.64,0.71,0.72,0.78,0.83,0.86,0.88,0.94,0.91,0.97
people,word,people,0.03,0.02,0.09,0.13,0.11,0.13,0.3,0.29,0.33,0.35,0.49,0.55,0.64,0.57,0.72
person,word,people,0.01,0.01,0.01,0.02,0.04,0.03,0.05,0.06,0.11,0.14,0.19,0.21,0.29,0.25,0.33
pet's name,word,people,0.3,0.29,0.45,0.43,0.47,0.54,0.57,0.59,0.63,0.63,0.7,0.66,0.81,0.69,0.77
police,word,people,0.01,0,0.03,0.02,0.04,0.06,0.12,0.17,0.22,0.28,0.39,0.42,0.52,0.48,0.65
sister,word,people,0.1,0.14,0.16,0.19,0.23,0.27,0.31,0.33,0.37,0.4,0.52,0.41,0.59,0.52,0.66
teacher,word,people,0.01,0.02,0.05,0.07,0.07,0.09,0.17,0.17,0.29,0.29,0.39,0.39,0.55,0.56,0.65
uncle,word,people,0.03,0.04,0.12,0.14,0.17,0.21,0.33,0.35,0.42,0.5,0.56,0.55,0.69,0.62,0.75
bath,word,games_routines,0.36,0.45,0.57,0.63,0.67,0.7,0.82,0.84,0.84,0.86,0.94,0.9,0.97,0.93,0.97
breakfast,word,games_routines,0.06,0.08,0.15,0.21,0.25,0.32,0.42,0.49,0.54,0.62,0.61,0.69,0.82,0.78,0.87
bye,word,games_routines,0.72,0.75,0.88,0.88,0.91,0.91,0.91,0.93,0.95,0.96,0.96,0.93,0.98,0.97,0.98
call (on phone),word,games_routines,0.1,0.13,0.2,0.25,0.28,0.35,0.47,0.53,0.57,0.67,0.71,0.68,0.81,0.74,0.86
dinner,word,games_routines,0.05,0.05,0.13,0.17,0.23,0.32,0.42,0.47,0.53,0.59,0.64,0.67,0.82,0.76,0.86
give me five!,word,games_routines,0.07,0.11,0.19,0.26,0.31,0.27,0.37,0.37,0.48,0.56,0.58,0.59,0.7,0.68,0.72
gonna get you!,word,games_routines,0.08,0.12,0.17,0.22,0.23,0.26,0.33,0.47,0.5,0.56,0.69,0.59,0.78,0.69,0.78
go potty,word,games_routines,0.06,0.13,0.22,0.31,0.32,0.42,0.52,0.58,0.67,0.71,0.8,0.83,0.89,0.83,0.94
hello,word,games_routines,0.33,0.48,0.5,0.58,0.64,0.67,0.75,0.79,0.74,0.75,0.78,0.76,0.82,0.85,0.88
hi,word,games_routines,0.65,0.54,0.71,0.72,0.76,0.74,0.77,0.83,0.89,0.92,0.93,0.93,0.98,0.93,0.95
lunch,word,games_routines,0.05,0.06,0.16,0.18,0.24,0.3,0.35,0.48,0.53,0.6,0.65,0.64,0.81,0.8,0.88
nap,word,games_routines,0.08,0.11,0.22,0.27,0.35,0.39,0.52,0.58,0.67,0.71,0.84,0.79,0.91,0.84,0.94
night night,word,games_routines,0.41,0.44,0.59,0.67,0.68,0.76,0.78,0.83,0.82,0.87,0.89,0.88,0.95,0.93,0.97
no,word,games_routines,0.64,0.7,0.78,0.83,0.85,0.89,0.91,0.93,0.95,0.93,0.97,0.95,0.98,0.97,1
pattycake,word,games_routines,0.08,0.13,0.18,0.23,0.26,0.3,0.35,0.38,0.45,0.5,0.57,0.59,0.73,0.62,0.73
peekaboo,word,games_routines,0.33,0.4,0.49,0.57,0.58,0.61,0.67,0.78,0.76,0.81,0.85,0.86,0.91,0.84,0.94
please,word,games_routines,0.27,0.36,0.49,0.56,0.68,0.74,0.76,0.84,0.87,0.86,0.93,0.94,0.98,0.96,0.98
shh/shush/hush,word,games_routines,0.31,0.47,0.5,0.57,0.62,0.7,0.67,0.77,0.81,0.83,0.89,0.81,0.93,0.89,0.94
shopping,word,games_routines,0.02,0.03,0.09,0.13,0.12,0.18,0.29,0.36,0.42,0.51,0.57,0.59,0.75,0.64,0.8
snack,word,games_routines,0.05,0.12,0.2,0.22,0.29,0.33,0.4,0.55,0.57,0.61,0.66,0.67,0.8,0.78,0.88
so big!,word,games_routines,0.06,0.08,0.14,0.12,0.19,0.23,0.28,0.37,0.4,0.49,0.55,0.49,0.62,0.6,0.67
thank you,word,games_routines,0.37,0.44,0.56,0.62,0.66,0.72,0.78,0.84,0.86,0.88,0.91,0.94,0.97,0.98,0.98
this little piggy,word,games_routines,0.04,0.04,0.11,0.13,0.15,0.18,0.23,0.32,0.4,0.43,0.45,0.52,0.68,0.58,0.71
turn around,word,games_routines,0.02,0.03,0.07,0.14,0.14,0.16,0.26,0.35,0.41,0.47,0.55,0.56,0.71,0.63,0.77
yes,word,games_routines,0.35,0.42,0.51,0.59,0.72,0.79,0.81,0.84,0.88,0.9,0.92,0.94,0.96,0.97,0.99
bite,word,action_words,0.13,0.17,0.29,0.36,0.37,0.45,0.59,0.64,0.65,0.72,0.79,0.77,0.91,0.81,0.9
blow,word,action_words,0.07,0.05,0.17,0.24,0.27,0.27,0.43,0.45,0.56,0.63,0.71,0.68,0.86,0.7,0.86
break,word,action_words,0.02,0.03,0.09,0.13,0.19,0.22,0.39,0.47,0.49,0.57,0.71,0.64,0.84,0.75,0.9
bring,word,action_words,0.02,0.03,0.07,0.1,0.11,0.17,0.2,0.33,0.34,0.44,0.52,0.5,0.68,0.61,0.74
build,word,action_words,0.01,0.01,0.03,0.05,0.07,0.11,0.19,0.28,0.32,0.39,0.48,0.51,0.63,0.63,0.76
bump,word,action_words,0.06,0.07,0.13,0.14,0.2,0.18,0.36,0.38,0.41,0.48,0.59,0.51,0.71,0.66,0.76
buy,word,action_words,0.01,0.01,0.04,0.05,0.09,0.1,0.19,0.22,0.29,0.35,0.45,0.49,0.63,0.64,0.73
carry,word,action_words,0.01,0.02,0.07,0.13,0.14,0.22,0.3,0.4,0.45,0.56,0.62,0.64,0.76,0.75,0.82
catch,word,action_words,0.02,0.03,0.09,0.11,0.15,0.2,0.29,0.38,0.47,0.54,0.61,0.64,0.77,0.72,0.83
chase,word,action_words,0.01,0.03,0.05,0.08,0.08,0.1,0.17,0.25,0.27,0.35,0.36,0.37,0.6,0.52,0.65
clap,word,action_words,0.07,0.12,0.21,0.29,0.32,0.31,0.49,0.51,0.59,0.64,0.68,0.67,0.82,0.75,0.86
clean (action),word,action_words,0.03,0.07,0.14,0.21,0.28,0.28,0.42,0.46,0.56,0.61,0.7,0.67,0.86,0.75,0.9
climb,word,action_words,0.02,0.04,0.07,0.13,0.15,0.18,0.34,0.37,0.45,0.52,0.57,0.57,0.76,0.7,0.81
close,word,action_words,0.06,0.06,0.14,0.17,0.25,0.25,0.4,0.45,0.51,0.58,0.66,0.66,0.83,0.78,0.86
cook,word,action_words,0.03,0.04,0.12,0.14,0.21,0.26,0.3,0.42,0.49,0.56,0.61,0.61,0.78,0.72,0.81
cover,word,action_words,0.01,0.01,0.03,0.06,0.07,0.09,0.16,0.22,0.28,0.31,0.45,0.39,0.63,0.56,0.65
cry,word,action_words,0.04,0.09,0.14,0.22,0.3,0.36,0.46,0.55,0.61,0.72,0.82,0.76,0.9,0.85,0.94
cut,word,action_words,0.01,0.01,0.04,0.08,0.11,0.13,0.22,0.3,0.36,0.48,0.55,0.55,0.72,0.66,0.77
dance,word,action_words,0.07,0.11,0.2,0.27,0.28,0.35,0.51,0.5,0.61,0.66,0.72,0.71,0.85,0.8,0.92
draw,word,action_words,0.02,0.03,0.09,0.16,0.14,0.26,0.32,0.37,0.46,0.52,0.57,0.59,0.76,0.69,0.83
drink (action),word,action_words,0.15,0.18,0.33,0.41,0.44,0.51,0.66,0.69,0.77,0.77,0.84,0.81,0.92,0.85,0.93
drive,word,action_words,0.02,0.03,0.09,0.14,0.16,0.24,0.34,0.45,0.49,0.56,0.62,0.66,0.82,0.75,0.85
drop,word,action_words,0.01,0.03,0.07,0.11,0.13,0.15,0.31,0.36,0.42,0.44,0.61,0.54,0.75,0.66,0.82
dry (action),word,action_words,0.01,0.03,0.05,0.09,0.14,0.16,0.25,0.29,0.36,0.47,0.51,0.52,0.73,0.65,0.76
dump,word,action_words,0.01,0.01,0.03,0.06,0.09,0.06,0.13,0.23,0.22,0.26,0.29,0.35,0.45,0.45,0.53
eat,word,action_words,0.17,0.24,0.43,0.51,0.51,0.64,0.7,0.8,0.82,0.86,0.91,0.91,0.96,0.92,0.96
fall,word,action_words,0.04,0.07,0.14,0.23,0.24,0.33,0.47,0.57,0.61,0.7,0.8,0.75,0.9,0.8,0.93
feed,word,action_words,0.01,0.02,0.05,0.1,0.12,0.12,0.22,0.32,0.33,0.43,0.52,0.54,0.7,0.62,0.75
find,word,action_words,0.01,0.02,0.07,0.11,0.15,0.18,0.31,0.38,0.43,0.51,0.59,0.61,0.79,0.68,0.82
finish,word,action_words,0.01,0.03,0.05,0.07,0.08,0.07,0.17,0.22,0.26,0.35,0.39,0.41,0.6,0.56,0.63
fit,word,action_words,0,0,0.03,0.04,0.05,0.06,0.12,0.18,0.22,0.29,0.38,0.37,0.54,0.51,0.6
fix,word,action_words,0.01,0.02,0.09,0.13,0.18,0.21,0.33,0.44,0.48,0.56,0.66,0.66,0.83,0.71,0.85
get,word,action_words,0.06,0.07,0.17,0.22,0.22,0.3,0.44,0.52,0.55,0.61,0.71,0.69,0.87,0.79,0.84
give,word,action_words,0.03,0.03,0.06,0.12,0.14,0.17,0.28,0.34,0.42,0.48,0.61,0.58,0.78,0.71,0.79
go,word,action_words,0.25,0.34,0.45,0.56,0.59,0.67,0.72,0.8,0.82,0.85,0.88,0.87,0.95,0.93,0.96
hate,word,action_words,0,0,0,0.01,0.01,0,0.05,0.06,0.05,0.1,0.19,0.15,0.22,0.2,0.27
have,word,action_words,0.01,0.02,0.06,0.1,0.13,0.15,0.27,0.35,0.41,0.46,0.58,0.6,0.75,0.7,0.78
hear,word,action_words,0.01,0.01,0.05,0.09,0.1,0.11,0.24,0.29,0.33,0.41,0.5,0.52,0.68,0.62,0.78
help,word,action_words,0.07,0.11,0.21,0.3,0.32,0.38,0.53,0.59,0.66,0.74,0.76,0.8,0.9,0.87,0.88
hide,word,action_words,0.01,0.02,0.07,0.13,0.18,0.22,0.34,0.4,0.46,0.56,0.58,0.59,0.78,0.73,0.82
hit,word,action_words,0.02,0.04,0.11,0.16,0.19,0.25,0.42,0.45,0.55,0.61,0.71,0.69,0.84,0.76,0.84
hold,word,action_words,0.02,0.01,0.1,0.16,0.14,0.23,0.38,0.43,0.45,0.52,0.68,0.59,0.83,0.7,0.84
hug,word,action_words,0.11,0.17,0.28,0.37,0.42,0.44,0.61,0.7,0.69,0.77,0.83,0.83,0.92,0.89,0.95
hurry,word,action_words,0.02,0.01,0.05,0.07,0.09,0.13,0.2,0.21,0.31,0.38,0.5,0.43,0.68,0.56,0.72
jump,word,action_words,0.05,0.09,0.19,0.24,0.3,0.39,0.53,0.6,0.65,0.7,0.74,0.75,0.89,0.84,0.94
kick,word,action_words,0.05,0.08,0.15,0.21,0.2,0.29,0.38,0.47,0.52,0.58,0.66,0.67,0.8,0.77,0.88
kiss,word,action_words,0.13,0.21,0.32,0.41,0.45,0.51,0.62,0.71,0.75,0.82,0.86,0.84,0.94,0.91,0.94
knock,word,action_words,0.03,0.07,0.11,0.16,0.15,0.25,0.36,0.37,0.44,0.5,0.56,0.59,0.73,0.66,0.79
lick,word,action_words,0,0.02,0.03,0.05,0.07,0.15,0.19,0.25,0.28,0.37,0.42,0.5,0.62,0.61,0.7
like,word,action_words,0.01,0.01,0.05,0.1,0.12,0.14,0.28,0.34,0.41,0.47,0.58,0.64,0.76,0.7,0.86
listen,word,action_words,0,0.01,0.04,0.06,0.08,0.11,0.16,0.26,0.27,0.32,0.4,0.44,0.58,0.59,0.65
look,word,action_words,0.06,0.07,0.15,0.2,0.19,0.25,0.39,0.47,0.61,0.64,0.73,0.72,0.86,0.83,0.87
love,word,action_words,0.09,0.14,0.2,0.3,0.32,0.39,0.42,0.58,0.62,0.69,0.74,0.73,0.88,0.86,0.9
make,word,action_words,0,0,0.02,0.06,0.08,0.12,0.21,0.28,0.34,0.4,0.54,0.54,0.73,0.66,0.79
open,word,action_words,0.12,0.14,0.28,0.38,0.39,0.44,0.62,0.63,0.71,0.76,0.84,0.84,0.92,0.87,0.93
paint,word,action_words,0.01,0.03,0.06,0.08,0.13,0.19,0.26,0.31,0.39,0.43,0.52,0.57,0.73,0.68,0.8
pick,word,action_words,0.01,0,0.04,0.08,0.07,0.09,0.13,0.21,0.24,0.32,0.46,0.38,0.58,0.56,0.65
play,word,action_words,0.06,0.09,0.19,0.27,0.32,0.37,0.52,0.62,0.66,0.72,0.84,0.8,0.9,0.88,0.95
pour,word,action_words,0.01,0,0.03,0.06,0.07,0.11,0.18,0.2,0.25,0.35,0.38,0.5,0.6,0.55,0.66
pretend,word,action_words,0,0,0.01,0.02,0.03,0.02,0.06,0.12,0.14,0.16,0.25,0.24,0.42,0.4,0.5
pull,word,action_words,0.03,0.04,0.06,0.12,0.13,0.2,0.27,0.33,0.39,0.47,0.59,0.54,0.73,0.67,0.76
push,word,action_words,0.05,0.05,0.12,0.17,0.24,0.27,0.35,0.45,0.51,0.59,0.66,0.69,0.81,0.78,0.84
put,word,action_words,0.01,0.02,0.05,0.09,0.14,0.14,0.21,0.29,0.35,0.43,0.55,0.48,0.68,0.63,0.73
read,word,action_words,0.09,0.16,0.21,0.28,0.31,0.37,0.55,0.61,0.68,0.73,0.79,0.77,0.92,0.82,0.92
ride,word,action_words,0.04,0.05,0.14,0.2,0.2,0.3,0.42,0.51,0.55,0.62,0.72,0.7,0.85,0.74,0.86
rip,word,action_words,0,0.01,0.01,0.04,0.03,0.05,0.07,0.13,0.13,0.15,0.25,0.29,0.4,0.36,0.45
run,word,action_words,0.03,0.06,0.14,0.2,0.26,0.32,0.5,0.52,0.62,0.68,0.72,0.71,0.86,0.8,0.93
say,word,action_words,0.02,0.04,0.07,0.09,0.09,0.11,0.22,0.24,0.32,0.4,0.45,0.49,0.66,0.59,0.73
see,word,action_words,0.11,0.12,0.23,0.3,0.28,0.4,0.5,0.59,0.64,0.72,0.79,0.74,0.87,0.82,0.88
shake,word,action_words,0.01,0.04,0.07,0.12,0.13,0.16,0.25,0.28,0.36,0.36,0.5,0.45,0.63,0.56,0.67
share,word,action_words,0.01,0.01,0.05,0.09,0.11,0.17,0.28,0.3,0.36,0.46,0.48,0.57,0.71,0.63,0.79
show,word,action_words,0.01,0.01,0.04,0.05,0.08,0.12,0.19,0.29,0.31,0.39,0.46,0.46,0.64,0.61,0.76
sing,word,action_words,0.03,0.05,0.11,0.15,0.22,0.26,0.4,0.44,0.55,0.61,0.68,0.66,0.83,0.75,0.88
sit,word,action_words,0.11,0.16,0.29,0.38,0.39,0.47,0.59,0.69,0.7,0.75,0.75,0.78,0.91,0.8,0.92
skate,word,action_words,0,0,0.01,0.03,0.03,0.08,0.09,0.09,0.15,0.17,0.26,0.27,0.42,0.37,0.44
sleep,word,action_words,0.05,0.09,0.17,0.27,0.32,0.38,0.51,0.62,0.64,0.74,0.78,0.8,0.91,0.84,0.92
slide (action),word,action_words,0.05,0.07,0.14,0.22,0.26,0.3,0.42,0.46,0.56,0.61,0.65,0.66,0.81,0.72,0.86
smile,word,action_words,0.01,0.02,0.05,0.1,0.11,0.16,0.23,0.3,0.35,0.45,0.45,0.5,0.67,0.65,0.73
spill,word,action_words,0.01,0.01,0.04,0.08,0.12,0.17,0.25,0.3,0.33,0.43,0.56,0.51,0.71,0.67,0.81
splash,word,action_words,0.05,0.05,0.11,0.16,0.17,0.25,0.31,0.4,0.46,0.5,0.55,0.56,0.75,0.7,0.84
stand,word,action_words,0.01,0.02,0.06,0.08,0.13,0.2,0.28,0.35,0.37,0.44,0.58,0.54,0.71,0.67,0.77
stay,word,action_words,0.01,0.02,0.06,0.08,0.11,0.12,0.26,0.36,0.38,0.43,0.55,0.55,0.72,0.64,0.76
stop,word,action_words,0.09,0.14,0.2,0.26,0.33,0.42,0.54,0.6,0.66,0.73,0.79,0.75,0.91,0.84,0.91
sweep,word,action_words,0.02,0.03,0.07,0.12,0.14,0.22,0.28,0.33,0.39,0.45,0.49,0.5,0.71,0.65,0.75
swim,word,action_words,0.03,0.07,0.14,0.19,0.19,0.27,0.38,0.48,0.52,0.62,0.64,0.63,0.81,0.75,0.87
swing (action),word,action_words,0.1,0.11,0.21,0.33,0.31,0.38,0.55,0.59,0.62,0.67,0.74,0.71,0.86,0.81,0.89
take,word,action_words,0.01,0.01,0.04,0.08,0.08,0.12,0.24,0.32,0.32,0.41,0.51,0.5,0.69,0.65,0.75
talk,word,action_words,0.01,0.03,0.08,0.1,0.12,0.13,0.26,0.34,0.39,0.45,0.55,0.58,0.75,0.72,0.81
taste,word,action_words,0.01,0,0.04,0.06,0.07,0.1,0.2,0.23,0.28,0.31,0.42,0.44,0.61,0.55,0.65
tear,word,action_words,0,0.01,0.02,0.02,0.05,0.06,0.09,0.12,0.18,0.22,0.24,0.33,0.44,0.46,0.54
think,word,action_words,0,0,0.02,0.01,0.03,0.04,0.08,0.09,0.13,0.18,0.23,0.26,0.43,0.37,0.51
throw,word,action_words,0.04,0.06,0.14,0.16,0.19,0.23,0.38,0.48,0.54,0.61,0.66,0.69,0.83,0.76,0.88
tickle,word,action_words,0.12,0.14,0.27,0.24,0.3,0.3,0.48,0.54,0.6,0.66,0.68,0.7,0.86,0.75,0.86
touch,word,action_words,0.03,0.02,0.1,0.12,0.16,0.16,0.26,0.33,0.39,0.48,0.54,0.57,0.75,0.67,0.83
wait,word,action_words,0.01,0.03,0.07,0.1,0.14,0.18,0.27,0.34,0.37,0.44,0.51,0.55,0.72,0.65,0.77
wake,word,action_words,0.01,0.01,0.04,0.06,0.1,0.13,0.23,0.24,0.34,0.43,0.49,0.53,0.7,0.63,0.77
walk,word,action_words,0.08,0.12,0.26,0.34,0.31,0.42,0.56,0.61,0.67,0.72,0.72,0.75,0.89,0.79,0.91
wash,word,action_words,0.05,0.06,0.15,0.22,0.29,0.33,0.47,0.52,0.6,0.66,0.69,0.65,0.88,0.73,0.89
watch (action),word,action_words,0.02,0.03,0.07,0.12,0.16,0.18,0.32,0.36,0.41,0.48,0.54,0.6,0.74,0.7,0.82
wipe,word,action_words,0.03,0.02,0.1,0.12,0.17,0.23,0.36,0.36,0.44,0.49,0.49,0.57,0.73,0.71,0.78
wish,word,action_words,0,0,0,0.02,0.03,0.03,0.05,0.05,0.05,0.11,0.16,0.15,0.26,0.25,0.37
work (action),word,action_words,0.04,0.03,0.12,0.14,0.21,0.21,0.36,0.43,0.5,0.55,0.67,0.65,0.81,0.7,0.85
write,word,action_words,0.01,0.01,0.05,0.11,0.15,0.19,0.26,0.27,0.37,0.39,0.45,0.52,0.64,0.64,0.71
all gone,word,descriptive_words,0.32,0.36,0.49,0.6,0.65,0.63,0.72,0.8,0.82,0.8,0.87,0.84,0.94,0.87,0.93
asleep,word,descriptive_words,0.03,0.06,0.11,0.19,0.22,0.25,0.4,0.46,0.54,0.59,0.62,0.57,0.8,0.75,0.85
awake,word,descriptive_words,0.01,0.03,0.05,0.11,0.12,0.2,0.3,0.35,0.4,0.49,0.57,0.53,0.73,0.68,0.8
bad,word,descriptive_words,0.07,0.07,0.13,0.16,0.21,0.29,0.33,0.42,0.5,0.57,0.67,0.58,0.76,0.69,0.83
better,word,descriptive_words,0.01,0.03,0.06,0.09,0.1,0.15,0.22,0.25,0.31,0.39,0.52,0.52,0.65,0.58,0.75
big,word,descriptive_words,0.08,0.1,0.23,0.29,0.35,0.43,0.58,0.63,0.67,0.74,0.86,0.79,0.91,0.82,0.94
black,word,descriptive_words,0.02,0.06,0.08,0.12,0.14,0.16,0.31,0.37,0.4,0.48,0.53,0.49,0.73,0.66,0.82
blue,word,descriptive_words,0.09,0.14,0.23,0.31,0.31,0.38,0.52,0.55,0.65,0.7,0.69,0.74,0.87,0.8,0.91
broken,word,descriptive_words,0.04,0.06,0.13,0.2,0.28,0.33,0.49,0.58,0.61,0.67,0.79,0.73,0.89,0.81,0.93
brown,word,descriptive_words,0.02,0.01,0.07,0.11,0.1,0.14,0.25,0.33,0.36,0.43,0.46,0.46,0.66,0.56,0.76
careful,word,descriptive_words,0.02,0.02,0.09,0.12,0.16,0.16,0.25,0.35,0.38,0.49,0.54,0.51,0.74,0.62,0.79
clean (description),word,descriptive_words,0.04,0.08,0.16,0.23,0.28,0.33,0.45,0.49,0.58,0.66,0.7,0.68,0.86,0.76,0.91
cold,word,descriptive_words,0.13,0.19,0.33,0.44,0.47,0.52,0.67,0.71,0.77,0.82,0.84,0.82,0.94,0.87,0.95
cute,word,descriptive_words,0.03,0.05,0.08,0.12,0.16,0.16,0.29,0.32,0.34,0.39,0.46,0.42,0.64,0.56,0.67
dark,word,descriptive_words,0.03,0.04,0.07,0.12,0.15,0.16,0.26,0.38,0.46,0.5,0.56,0.54,0.75,0.65,0.81
dirty,word,descriptive_words,0.1,0.1,0.23,0.33,0.39,0.47,0.58,0.62,0.69,0.72,0.82,0.77,0.91,0.83,0.95
dry (description),word,descriptive_words,0.02,0.03,0.08,0.11,0.14,0.19,0.28,0.34,0.39,0.48,0.52,0.53,0.76,0.66,0.81
empty,word,descriptive_words,0.03,0.02,0.1,0.14,0.16,0.21,0.26,0.34,0.38,0.45,0.5,0.52,0.68,0.59,0.75
fast,word,descriptive_words,0.02,0.04,0.05,0.12,0.15,0.19,0.3,0.36,0.41,0.5,0.59,0.59,0.75,0.67,0.83
fine,word,descriptive_words,0.01,0.01,0.01,0.03,0.04,0.04,0.09,0.13,0.16,0.22,0.29,0.29,0.4,0.33,0.51
first,word,descriptive_words,0.01,0,0.02,0.04,0.04,0.08,0.15,0.19,0.21,0.3,0.39,0.41,0.57,0.52,0.66
full,word,descriptive_words,0.01,0.02,0.05,0.09,0.1,0.1,0.2,0.25,0.34,0.36,0.51,0.52,0.67,0.61,0.75
gentle,word,descriptive_words,0.04,0.07,0.11,0.11,0.13,0.14,0.23,0.29,0.33,0.4,0.39,0.39,0.54,0.48,0.62
good,word,descriptive_words,0.08,0.13,0.18,0.25,0.28,0.3,0.42,0.44,0.55,0.63,0.74,0.69,0.83,0.79,0.88
green,word,descriptive_words,0.04,0.07,0.15,0.21,0.24,0.28,0.41,0.47,0.52,0.59,0.61,0.63,0.82,0.76,0.89
happy,word,descriptive_words,0.07,0.1,0.18,0.23,0.3,0.29,0.41,0.49,0.55,0.6,0.59,0.69,0.79,0.74,0.87
hard,word,descriptive_words,0.01,0.01,0.04,0.07,0.08,0.08,0.16,0.2,0.3,0.34,0.44,0.42,0.62,0.56,0.69
heavy,word,descriptive_words,0.03,0.02,0.08,0.16,0.19,0.24,0.35,0.43,0.49,0.55,0.64,0.68,0.81,0.74,0.88
high,word,descriptive_words,0.01,0.01,0.06,0.08,0.14,0.16,0.26,0.3,0.37,0.48,0.48,0.53,0.69,0.64,0.8
hot,word,descriptive_words,0.43,0.4,0.61,0.64,0.72,0.71,0.77,0.84,0.85,0.85,0.91,0.89,0.97,0.91,0.95
hungry,word,descriptive_words,0.05,0.07,0.15,0.18,0.24,0.29,0.38,0.47,0.53,0.58,0.69,0.73,0.82,0.77,0.89
hurt,word,descriptive_words,0.03,0.05,0.1,0.19,0.23,0.24,0.37,0.47,0.55,0.59,0.68,0.66,0.83,0.75,0.85
last,word,descriptive_words,0,0,0.01,0.03,0.02,0.03,0.07,0.09,0.08,0.17,0.2,0.21,0.33,0.32,0.41
little (description),word,descriptive_words,0.02,0.03,0.07,0.11,0.14,0.16,0.38,0.36,0.45,0.55,0.63,0.65,0.79,0.72,0.87
long,word,descriptive_words,0,0,0.01,0.03,0.03,0.03,0.08,0.13,0.15,0.21,0.27,0.3,0.45,0.42,0.56
loud,word,descriptive_words,0.01,0.01,0.05,0.08,0.1,0.16,0.25,0.33,0.37,0.46,0.51,0.51,0.69,0.65,0.82
mad,word,descriptive_words,0.01,0.02,0.01,0.05,0.06,0.08,0.15,0.21,0.25,0.32,0.39,0.43,0.58,0.54,0.66
naughty,word,descriptive_words,0.01,0.02,0.05,0.06,0.05,0.05,0.05,0.14,0.16,0.2,0.19,0.27,0.3,0.28,0.34
new,word,descriptive_words,0.01,0.01,0.03,0.05,0.08,0.09,0.15,0.24,0.26,0.35,0.41,0.41,0.59,0.48,0.68
nice,word,descriptive_words,0.06,0.05,0.12,0.22,0.27,0.25,0.38,0.41,0.44,0.5,0.6,0.56,0.76,0.66,0.77
noisy,word,descriptive_words,0.01,0.02,0.03,0.08,0.09,0.11,0.17,0.24,0.23,0.33,0.44,0.36,0.58,0.49,0.61
old,word,descriptive_words,0.01,0.02,0.02,0.03,0.03,0.07,0.12,0.17,0.16,0.25,0.34,0.29,0.5,0.43,0.56
orange (description),word,descriptive_words,0.04,0.07,0.12,0.22,0.25,0.32,0.4,0.5,0.53,0.58,0.68,0.69,0.82,0.76,0.86
poor,word,descriptive_words,0,0,0.01,0.01,0.02,0.04,0.03,0.07,0.08,0.12,0.14,0.14,0.27,0.23,0.27
pretty,word,descriptive_words,0.1,0.11,0.19,0.26,0.26,0.35,0.46,0.45,0.51,0.54,0.58,0.61,0.79,0.72,0.82
quiet,word,descriptive_words,0.01,0.01,0.04,0.06,0.11,0.17,0.23,0.34,0.36,0.41,0.5,0.49,0.71,0.61,0.74
red,word,descriptive_words,0.06,0.09,0.14,0.21,0.26,0.31,0.45,0.51,0.56,0.64,0.68,0.67,0.83,0.78,0.88
sad,word,descriptive_words,0.01,0.03,0.05,0.09,0.13,0.17,0.26,0.34,0.37,0.45,0.45,0.5,0.72,0.67,0.79
scared,word,descriptive_words,0.01,0.02,0.02,0.05,0.08,0.12,0.23,0.29,0.35,0.41,0.54,0.58,0.73,0.62,0.8
sick,word,descriptive_words,0.01,0.01,0.03,0.07,0.12,0.17,0.22,0.29,0.34,0.41,0.52,0.57,0.73,0.66,0.77
sleepy,word,descriptive_words,0.04,0.05,0.1,0.17,0.18,0.24,0.34,0.4,0.46,0.54,0.59,0.57,0.75,0.64,0.76
slow,word,descriptive_words,0.01,0.01,0.02,0.06,0.04,0.11,0.1,0.17,0.2,0.28,0.34,0.35,0.54,0.49,0.63
soft,word,descriptive_words,0.03,0.04,0.13,0.14,0.15,0.19,0.26,0.35,0.42,0.47,0.51,0.55,0.72,0.62,0.77
sticky,word,descriptive_words,0.02,0.05,0.09,0.11,0.17,0.18,0.27,0.32,0.4,0.49,0.49,0.53,0.7,0.63,0.79
stuck,word,descriptive_words,0.04,0.08,0.13,0.16,0.22,0.23,0.34,0.37,0.45,0.43,0.6,0.57,0.76,0.62,0.73
thirsty,word,descriptive_words,0.03,0.02,0.07,0.13,0.16,0.19,0.31,0.4,0.43,0.47,0.55,0.62,0.73,0.69,0.76
tiny,word,descriptive_words,0,0,0.02,0.03,0.04,0.09,0.11,0.15,0.14,0.17,0.26,0.28,0.42,0.38,0.46
tired,word,descriptive_words,0.02,0.03,0.06,0.1,0.14,0.18,0.3,0.39,0.39,0.48,0.56,0.56,0.77,0.68,0.82
wet,word,descriptive_words,0.07,0.1,0.22,0.3,0.35,0.42,0.58,0.6,0.68,0.75,0.82,0.79,0.92,0.82,0.94
white,word,descriptive_words,0.01,0.03,0.05,0.07,0.11,0.16,0.28,0.32,0.34,0.4,0.45,0.5,0.69,0.59,0.75
windy,word,descriptive_words,0.02,0.02,0.06,0.11,0.12,0.11,0.23,0.27,0.33,0.42,0.45,0.51,0.61,0.57,0.71
yellow,word,descriptive_words,0.06,0.1,0.15,0.23,0.3,0.3,0.42,0.46,0.57,0.62,0.6,0.68,0.81,0.72,0.86
yucky,word,descriptive_words,0.19,0.22,0.38,0.37,0.41,0.43,0.55,0.63,0.66,0.68,0.71,0.68,0.86,0.78,0.87
after,word,time_words,0,0,0.02,0.02,0.04,0.06,0.11,0.14,0.18,0.24,0.34,0.31,0.47,0.45,0.54
before,word,time_words,0,0,0.01,0,0.01,0.03,0.05,0.08,0.08,0.13,0.22,0.17,0.29,0.3,0.4
day,word,time_words,0.01,0.01,0.04,0.07,0.08,0.11,0.21,0.23,0.25,0.33,0.39,0.45,0.53,0.52,0.59
later,word,time_words,0.01,0,0.03,0.09,0.09,0.13,0.2,0.28,0.27,0.34,0.42,0.45,0.63,0.53,0.65
morning,word,time_words,0.01,0.03,0.09,0.1,0.14,0.17,0.23,0.3,0.34,0.4,0.49,0.49,0.66,0.64,0.76
night,word,time_words,0.07,0.08,0.17,0.23,0.24,0.31,0.45,0.47,0.51,0.59,0.61,0.61,0.78,0.73,0.84
now,word,time_words,0.03,0.05,0.07,0.13,0.18,0.23,0.29,0.38,0.42,0.53,0.64,0.64,0.77,0.67,0.77
time,word,time_words,0,0,0.02,0.02,0.05,0.07,0.08,0.1,0.1,0.18,0.21,0.27,0.38,0.35,0.47
today,word,time_words,0.01,0,0.02,0.03,0.04,0.04,0.14,0.18,0.21,0.24,0.35,0.41,0.47,0.45,0.63
tomorrow,word,time_words,0.01,0.01,0.03,0.05,0.07,0.05,0.13,0.17,0.21,0.3,0.35,0.41,0.49,0.45,0.59
tonight,word,time_words,0,0,0.01,0.03,0.03,0.02,0.08,0.12,0.12,0.18,0.24,0.26,0.36,0.38,0.47
yesterday,word,time_words,0,0,0.01,0.01,0.01,0.01,0.05,0.09,0.08,0.12,0.15,0.17,0.29,0.27,0.34
he,word,pronouns,0,0,0.02,0.04,0.06,0.09,0.19,0.21,0.23,0.25,0.4,0.47,0.59,0.57,0.68
her,word,pronouns,0,0,0,0.04,0.03,0.05,0.1,0.16,0.16,0.21,0.32,0.35,0.44,0.45,0.56
hers,word,pronouns,0,0.01,0,0.01,0.03,0.02,0.07,0.08,0.1,0.16,0.22,0.21,0.34,0.34,0.41
him,word,pronouns,0.01,0,0.01,0.02,0.03,0.06,0.1,0.15,0.13,0.2,0.3,0.33,0.43,0.44,0.52
his,word,pronouns,0,0,0,0.02,0.03,0.05,0.08,0.12,0.12,0.21,0.25,0.3,0.4,0.38,0.5
I,word,pronouns,0.1,0.11,0.18,0.24,0.24,0.33,0.39,0.48,0.56,0.61,0.63,0.66,0.82,0.8,0.88
it,word,pronouns,0.06,0.05,0.1,0.15,0.16,0.16,0.32,0.3,0.39,0.42,0.5,0.58,0.71,0.7,0.78
me,word,pronouns,0.18,0.21,0.29,0.36,0.41,0.42,0.57,0.59,0.68,0.71,0.74,0.78,0.88,0.82,0.92
mine,word,pronouns,0.21,0.31,0.41,0.52,0.58,0.64,0.71,0.75,0.83,0.81,0.84,0.85,0.93,0.87,0.93
my,word,pronouns,0.08,0.07,0.12,0.22,0.19,0.29,0.4,0.44,0.53,0.55,0.61,0.58,0.8,0.77,0.81
myself,word,pronouns,0,0,0.01,0.01,0.03,0.02,0.13,0.14,0.14,0.19,0.26,0.26,0.41,0.35,0.47
our,word,pronouns,0,0,0,0.02,0.03,0.02,0.04,0.11,0.08,0.16,0.19,0.23,0.33,0.34,0.37
she,word,pronouns,0.01,0.01,0.01,0.04,0.04,0.05,0.14,0.17,0.19,0.23,0.38,0.38,0.49,0.48,0.59
that,word,pronouns,0.21,0.19,0.2,0.3,0.29,0.32,0.47,0.48,0.52,0.56,0.65,0.68,0.79,0.75,0.83
their,word,pronouns,0,0,0,0.01,0.02,0.02,0.04,0.06,0.06,0.1,0.18,0.18,0.26,0.29,0.29
them,word,pronouns,0,0,0.01,0.03,0.02,0.03,0.09,0.09,0.1,0.17,0.28,0.25,0.33,0.35,0.42
these,word,pronouns,0.02,0.01,0.04,0.07,0.09,0.07,0.18,0.2,0.2,0.3,0.44,0.4,0.51,0.46,0.54
they,word,pronouns,0,0,0.01,0.01,0.02,0.03,0.06,0.07,0.08,0.15,0.24,0.25,0.36,0.37,0.44
this,word,pronouns,0.14,0.18,0.19,0.23,0.24,0.3,0.43,0.45,0.46,0.52,0.61,0.61,0.79,0.64,0.79
those,word,pronouns,0.01,0.01,0.03,0.03,0.04,0.03,0.09,0.14,0.16,0.16,0.3,0.27,0.44,0.41,0.49
us,word,pronouns,0,0,0,0.01,0.01,0.02,0.07,0.06,0.07,0.12,0.16,0.17,0.26,0.31,0.34
we,word,pronouns,0.01,0.01,0.01,0.02,0.03,0.04,0.09,0.12,0.14,0.2,0.29,0.33,0.43,0.43,0.54
you,word,pronouns,0.08,0.08,0.15,0.22,0.24,0.27,0.4,0.47,0.54,0.62,0.66,0.71,0.84,0.76,0.89
your,word,pronouns,0.01,0,0.01,0.03,0.05,0.03,0.1,0.14,0.19,0.23,0.32,0.33,0.53,0.49,0.6
yourself,word,pronouns,0,0,0,0,0.01,0.01,0.02,0.04,0.04,0.06,0.12,0.15,0.21,0.21,0.23
how,word,question_words,0.01,0,0.02,0.03,0.04,0.04,0.09,0.14,0.15,0.19,0.32,0.3,0.44,0.41,0.51
what,word,question_words,0.15,0.13,0.19,0.22,0.24,0.32,0.46,0.5,0.53,0.56,0.68,0.72,0.81,0.79,0.88
when,word,question_words,0,0,0.01,0.02,0.01,0,0.05,0.06,0.09,0.13,0.26,0.24,0.32,0.35,0.41
where,word,question_words,0.05,0.07,0.09,0.12,0.16,0.15,0.31,0.41,0.46,0.5,0.59,0.61,0.78,0.68,0.82
which,word,question_words,0,0,0.01,0,0.01,0.01,0.02,0.07,0.07,0.12,0.14,0.09,0.2,0.26,0.31
who,word,question_words,0.03,0.04,0.03,0.06,0.07,0.06,0.17,0.22,0.25,0.28,0.45,0.52,0.57,0.54,0.68
why,word,question_words,0.02,0.03,0.07,0.1,0.11,0.13,0.23,0.29,0.27,0.32,0.49,0.49,0.56,0.56,0.69
about,word,locations,0,0,0,0.01,0.02,0.02,0.04,0.06,0.05,0.1,0.13,0.1,0.23,0.26,0.31
above,word,locations,0,0.01,0.01,0.01,0.03,0.03,0.05,0.07,0.08,0.14,0.16,0.19,0.24,0.26,0.3
around,word,locations,0.01,0.01,0.02,0.03,0.05,0.04,0.08,0.17,0.17,0.28,0.32,0.29,0.45,0.41,0.51
at,word,locations,0.01,0.02,0.03,0.04,0.07,0.1,0.19,0.21,0.22,0.27,0.42,0.42,0.55,0.51,0.61
away,word,locations,0.02,0.01,0.06,0.08,0.1,0.12,0.24,0.29,0.34,0.42,0.49,0.49,0.67,0.58,0.68
back,word,locations,0.05,0.04,0.1,0.14,0.16,0.16,0.31,0.39,0.38,0.45,0.54,0.54,0.69,0.65,0.78
behind,word,locations,0.01,0.01,0.02,0.03,0.05,0.06,0.09,0.17,0.2,0.26,0.36,0.36,0.49,0.46,0.6
beside,word,locations,0,0,0.01,0,0.03,0.03,0.06,0.07,0.09,0.13,0.14,0.17,0.22,0.23,0.28
by,word,locations,0.01,0.03,0.02,0.04,0.06,0.11,0.11,0.2,0.2,0.28,0.35,0.37,0.51,0.44,0.59
down,word,locations,0.29,0.36,0.47,0.54,0.52,0.57,0.7,0.74,0.74,0.8,0.86,0.79,0.93,0.87,0.93
for,word,locations,0,0,0.02,0.03,0.03,0.05,0.12,0.16,0.17,0.25,0.34,0.39,0.54,0.49,0.63
here,word,locations,0.04,0.07,0.09,0.16,0.19,0.25,0.35,0.39,0.48,0.53,0.62,0.69,0.81,0.68,0.83
inside/in,word,locations,0.07,0.09,0.18,0.25,0.27,0.33,0.46,0.48,0.58,0.61,0.71,0.68,0.85,0.74,0.86
into,word,locations,0,0,0,0.01,0.02,0.03,0.07,0.07,0.08,0.16,0.19,0.21,0.31,0.31,0.35
next to,word,locations,0,0,0.01,0.02,0.03,0.04,0.05,0.09,0.1,0.17,0.26,0.25,0.38,0.31,0.45
of,word,locations,0.01,0,0.01,0.03,0.01,0.02,0.04,0.09,0.08,0.14,0.17,0.21,0.29,0.3,0.37
off,word,locations,0.15,0.15,0.34,0.39,0.45,0.46,0.67,0.68,0.71,0.73,0.82,0.82,0.91,0.85,0.93
on,word,locations,0.14,0.17,0.3,0.34,0.42,0.47,0.63,0.67,0.71,0.72,0.8,0.83,0.92,0.83,0.92
on top of,word,locations,0.01,0.01,0.02,0.04,0.05,0.06,0.13,0.18,0.19,0.27,0.32,0.37,0.49,0.52,0.61
out,word,locations,0.18,0.2,0.34,0.35,0.41,0.43,0.61,0.62,0.65,0.68,0.8,0.75,0.86,0.8,0.88
over,word,locations,0.01,0.01,0.04,0.06,0.08,0.1,0.22,0.28,0.28,0.36,0.46,0.49,0.67,0.59,0.71
there,word,locations,0.07,0.04,0.11,0.12,0.17,0.19,0.31,0.39,0.42,0.47,0.61,0.63,0.78,0.68,0.79
to,word,locations,0.01,0.02,0.03,0.05,0.08,0.09,0.18,0.25,0.28,0.37,0.49,0.45,0.62,0.55,0.68
under,word,locations,0.01,0.01,0.04,0.09,0.1,0.13,0.2,0.28,0.34,0.44,0.48,0.5,0.7,0.61,0.77
up,word,locations,0.37,0.38,0.51,0.53,0.58,0.6,0.74,0.72,0.75,0.77,0.82,0.81,0.91,0.87,0.91
with,word,locations,0,0,0.02,0.04,0.03,0.05,0.18,0.18,0.27,0.29,0.45,0.44,0.62,0.53,0.69
a,word,quantifiers,0.04,0.04,0.08,0.1,0.12,0.18,0.28,0.3,0.35,0.37,0.48,0.55,0.6,0.6,0.71
all,word,quantifiers,0.06,0.04,0.09,0.12,0.12,0.12,0.26,0.29,0.39,0.39,0.51,0.57,0.69,0.64,0.74
a lot,word,quantifiers,0,0.01,0.02,0.04,0.04,0.05,0.12,0.19,0.18,0.27,0.33,0.4,0.49,0.48,0.59
an,word,quantifiers,0,0,0,0.01,0.01,0.01,0.04,0.04,0.05,0.09,0.15,0.15,0.17,0.19,0.25
another,word,quantifiers,0.01,0.01,0.05,0.07,0.07,0.07,0.2,0.2,0.26,0.34,0.44,0.37,0.57,0.52,0.63
any,word,quantifiers,0,0,0.01,0.03,0.03,0.03,0.09,0.09,0.15,0.21,0.34,0.34,0.44,0.44,0.53
each,word,quantifiers,0,0,0,0.01,0.01,0.02,0.03,0.04,0.03,0.09,0.11,0.13,0.15,0.19,0.22
every,word,quantifiers,0,0,0.01,0,0.01,0.02,0.04,0.1,0.08,0.14,0.18,0.19,0.26,0.3,0.35
more,word,quantifiers,0.3,0.29,0.43,0.51,0.52,0.59,0.7,0.71,0.74,0.77,0.85,0.84,0.93,0.85,0.92
much,word,quantifiers,0,0.01,0.02,0.03,0.03,0.02,0.1,0.13,0.13,0.17,0.24,0.25,0.36,0.31,0.44
none,word,quantifiers,0.01,0.02,0.02,0.05,0.06,0.08,0.12,0.13,0.17,0.19,0.24,0.28,0.36,0.37,0.42
not,word,quantifiers,0.02,0.01,0.03,0.05,0.1,0.08,0.17,0.22,0.27,0.32,0.41,0.47,0.64,0.56,0.67
other,word,quantifiers,0.01,0,0.03,0.03,0.05,0.08,0.19,0.18,0.23,0.27,0.41,0.38,0.53,0.43,0.56
same,word,quantifiers,0,0,0.02,0.02,0.03,0.02,0.09,0.14,0.12,0.2,0.25,0.27,0.35,0.41,0.44
some,word,quantifiers,0.03,0.03,0.09,0.12,0.14,0.18,0.29,0.29,0.38,0.41,0.58,0.58,0.72,0.66,0.78
the,word,quantifiers,0.02,0.03,0.04,0.08,0.08,0.09,0.21,0.24,0.29,0.3,0.51,0.46,0.63,0.53,0.7
too,word,quantifiers,0.01,0.04,0.07,0.12,0.17,0.18,0.29,0.34,0.42,0.44,0.59,0.66,0.74,0.62,0.78
am,word,helping_verbs,0,0,0.02,0.04,0.05,0.07,0.11,0.16,0.19,0.23,0.35,0.4,0.48,0.47,0.58
are,word,helping_verbs,0,0,0.01,0.02,0.04,0.04,0.08,0.11,0.16,0.2,0.29,0.3,0.45,0.4,0.57
be,word,helping_verbs,0.01,0.02,0.01,0.03,0.04,0.06,0.09,0.13,0.15,0.2,0.31,0.3,0.38,0.37,0.46
can (auxiliary),word,helping_verbs,0.01,0,0.04,0.07,0.08,0.08,0.2,0.26,0.26,0.36,0.42,0.5,0.63,0.58,0.72
could,word,helping_verbs,0,0,0,0.01,0.02,0.01,0.04,0.04,0.04,0.1,0.14,0.15,0.23,0.26,0.32
did/did ya,word,helping_verbs,0.02,0.02,0.04,0.06,0.09,0.06,0.19,0.2,0.24,0.29,0.44,0.51,0.58,0.49,0.68
do,word,helping_verbs,0.05,0.07,0.13,0.19,0.26,0.28,0.4,0.48,0.49,0.54,0.64,0.73,0.79,0.72,0.81
does,word,helping_verbs,0,0,0.01,0.02,0.03,0.04,0.07,0.09,0.09,0.18,0.19,0.28,0.35,0.36,0.4
don't,word,helping_verbs,0.05,0.06,0.09,0.12,0.18,0.19,0.32,0.36,0.42,0.43,0.57,0.6,0.72,0.7,0.72
gonna/going to,word,helping_verbs,0.01,0.02,0.04,0.08,0.08,0.09,0.17,0.25,0.29,0.3,0.45,0.45,0.62,0.58,0.69
gotta/got to,word,helping_verbs,0,0.01,0.01,0.02,0.03,0.04,0.1,0.14,0.11,0.16,0.29,0.28,0.37,0.4,0.43
hafta/have to,word,helping_verbs,0.01,0,0.01,0.03,0.05,0.02,0.07,0.17,0.17,0.21,0.36,0.34,0.48,0.47,0.56
is,word,helping_verbs,0.02,0.02,0.04,0.04,0.06,0.09,0.15,0.19,0.24,0.3,0.41,0.46,0.57,0.53,0.68
lemme/let me,word,helping_verbs,0.01,0.03,0.04,0.07,0.13,0.12,0.24,0.31,0.36,0.43,0.59,0.57,0.71,0.65,0.79
need/need to,word,helping_verbs,0.01,0.02,0.03,0.07,0.05,0.08,0.16,0.23,0.26,0.3,0.42,0.44,0.58,0.58,0.66
try/try to,word,helping_verbs,0,0.01,0.04,0.05,0.07,0.1,0.19,0.23,0.26,0.27,0.36,0.43,0.54,0.52,0.64
wanna/want to,word,helping_verbs,0.06,0.04,0.1,0.17,0.19,0.22,0.35,0.44,0.48,0.51,0.69,0.66,0.79,0.7,0.8
was,word,helping_verbs,0,0,0.01,0.01,0.01,0.01,0.06,0.08,0.08,0.15,0.21,0.23,0.34,0.32,0.45
were,word,helping_verbs,0,0,0,0.01,0.02,0,0.03,0.04,0.05,0.08,0.14,0.17,0.23,0.21,0.28
will,word,helping_verbs,0.01,0.01,0.01,0.03,0.03,0.02,0.07,0.1,0.11,0.17,0.22,0.27,0.38,0.37,0.5
would,word,helping_verbs,0,0,0,0,0.01,0.02,0.03,0.03,0.04,0.07,0.09,0.13,0.17,0.19,0.26
and,word,connecting_words,0.01,0.01,0.02,0.06,0.07,0.09,0.18,0.28,0.32,0.36,0.45,0.5,0.64,0.62,0.72
because,word,connecting_words,0,0,0.01,0.02,0.03,0.04,0.11,0.13,0.11,0.15,0.26,0.3,0.37,0.42,0.49
but,word,connecting_words,0,0,0,0.01,0.02,0.04,0.04,0.05,0.07,0.11,0.16,0.23,0.26,0.27,0.39
if,word,connecting_words,0,0.01,0,0.01,0.01,0.02,0.03,0.03,0.04,0.1,0.08,0.12,0.19,0.2,0.23
so,word,connecting_words,0,0.01,0.01,0.02,0.03,0.05,0.07,0.1,0.1,0.16,0.2,0.25,0.29,0.3,0.38
then,word,connecting_words,0,0,0,0.01,0.02,0.02,0.03,0.06,0.06,0.12,0.2,0.21,0.28,0.24,0.34
does your child ever talk about past events or people who are not present?,how_use_words,NA,0,0,0,0,0,0,0,0,0,0,0,0,0,0,0
does your child ever talk about something that's going to happen in the future?,how_use_words,NA,0,0,0,0,0,0,0,0,0,0,0,0,0,0,0
does your child talk a bout objects that are not present?,how_use_words,NA,0,0,0,0,0,0,0,0,0,0,0,0,0,0,0
does your child understand if you ask for something that is not in the room?,how_use_words,NA,0,0,0,0,0,0,0,0,0,0,0,0,0,0,0
does your child ever pick up or point to an object and name an absent person to whom the object belongs?,how_use_words,NA,0,0,0,0,0,0,0,0,0,0,0,0,0,0,0
splural,word_endings,NA,0,0,0,0,0,0,0,0,0,0,0,0,0,0,0
spossess,word_endings,NA,0,0,0,0,0,0,0,0,0,0,0,0,0,0,0
ing,word_endings,NA,0,0,0,0,0,0,0,0,0,0,0,0,0,0,0
ed,word_endings,NA,0,0,0,0,0,0,0,0,0,0,0,0,0,0,0
children,word_forms_nouns,NA,0,0.01,0.02,0.02,0.04,0.02,0.03,0.05,0.1,0.09,0.16,0.14,0.29,0.17,0.34
feet,word_forms_nouns,NA,0.1,0.1,0.25,0.26,0.29,0.28,0.32,0.34,0.48,0.51,0.6,0.58,0.79,0.47,0.67
men,word_forms_nouns,NA,0.01,0.01,0.02,0.03,0.05,0.03,0.06,0.05,0.09,0.09,0.15,0.11,0.24,0.15,0.25
mice,word_forms_nouns,NA,0.01,0,0.02,0.02,0.02,0.05,0.03,0.04,0.08,0.09,0.12,0.13,0.23,0.15,0.17
teeth,word_forms_nouns,NA,0.19,0.16,0.37,0.35,0.37,0.35,0.4,0.39,0.58,0.62,0.71,0.65,0.89,0.54,0.73
ate,word_forms_verbs,NA,0,0.01,0.04,0.06,0.05,0.09,0.14,0.12,0.22,0.29,0.4,0.37,0.58,0.36,0.6
blew,word_forms_verbs,NA,0,0,0.01,0.03,0.02,0.02,0.06,0.05,0.11,0.12,0.23,0.17,0.34,0.16,0.29
bought,word_forms_verbs,NA,0,0,0.01,0.01,0.01,0,0.03,0.04,0.06,0.07,0.15,0.16,0.29,0.2,0.34
broke,word_forms_verbs,NA,0.03,0.03,0.1,0.12,0.18,0.2,0.29,0.28,0.43,0.42,0.59,0.49,0.77,0.48,0.68
came,word_forms_verbs,NA,0,0.01,0.01,0.01,0.02,0.01,0.02,0.06,0.06,0.12,0.15,0.14,0.3,0.2,0.32
drank,word_forms_verbs,NA,0,0,0.02,0.02,0.02,0.05,0.07,0.08,0.13,0.17,0.25,0.22,0.42,0.25,0.43
drove,word_forms_verbs,NA,0,0,0.02,0.01,0.01,0.01,0.03,0.03,0.03,0.04,0.08,0.09,0.2,0.13,0.2
fell,word_forms_verbs,NA,0.01,0.02,0.07,0.1,0.12,0.12,0.19,0.19,0.29,0.34,0.51,0.38,0.68,0.41,0.62
flew,word_forms_verbs,NA,0,0,0.01,0.01,0.03,0.02,0.05,0.05,0.07,0.07,0.19,0.13,0.26,0.16,0.27
got,word_forms_verbs,NA,0.01,0,0.03,0.05,0.07,0.08,0.12,0.15,0.24,0.26,0.35,0.32,0.62,0.39,0.55
had,word_forms_verbs,NA,0,0,0.01,0.02,0,0,0.05,0.06,0.08,0.11,0.2,0.17,0.34,0.22,0.31
heard,word_forms_verbs,NA,0,0,0.01,0.01,0.01,0.01,0.02,0.04,0.06,0.09,0.16,0.17,0.31,0.15,0.33
held,word_forms_verbs,NA,0,0,0.01,0.01,0.01,0,0.02,0.03,0.03,0.05,0.11,0.1,0.16,0.15,0.18
lost,word_forms_verbs,NA,0,0.01,0.02,0.03,0.05,0.03,0.11,0.11,0.16,0.21,0.29,0.31,0.54,0.31,0.55
made,word_forms_verbs,NA,0,0,0.01,0.02,0.03,0.02,0.06,0.1,0.14,0.18,0.32,0.32,0.54,0.33,0.54
ran,word_forms_verbs,NA,0,0.01,0.02,0.03,0.04,0.03,0.08,0.1,0.14,0.16,0.22,0.24,0.41,0.25,0.39
sat,word_forms_verbs,NA,0,0.01,0.03,0.02,0.03,0.01,0.07,0.07,0.11,0.12,0.22,0.21,0.36,0.23,0.37
saw,word_forms_verbs,NA,0.01,0,0.02,0.02,0.03,0.01,0.09,0.09,0.14,0.14,0.25,0.23,0.49,0.25,0.48
took,word_forms_verbs,NA,0,0,0.01,0.02,0.03,0.02,0.09,0.07,0.11,0.16,0.22,0.22,0.4,0.26,0.4
went,word_forms_verbs,NA,0,0,0.02,0.02,0.03,0.02,0.06,0.06,0.11,0.16,0.16,0.27,0.46,0.28,0.44
blockses,word_endings_nouns,NA,0,0,0,0,0,0.01,0.02,0,0.02,0.02,0.02,0.02,0.03,0.02,0.03
childrens,word_endings_nouns,NA,0,0,0.01,0,0,0,0.01,0.01,0.03,0.02,0.05,0.04,0.06,0.04,0.08
childs,word_endings_nouns,NA,0,0,0,0.01,0,0,0.01,0,0.01,0.01,0,0.01,0.02,0.01,0.02
feets,word_endings_nouns,NA,0.01,0.01,0.05,0.07,0.06,0.07,0.15,0.09,0.13,0.13,0.26,0.19,0.24,0.14,0.26
foots,word_endings_nouns,NA,0,0.01,0.02,0.04,0.02,0.04,0.06,0.07,0.09,0.07,0.17,0.15,0.14,0.1,0.19
mans,word_endings_nouns,NA,0,0,0.01,0.03,0.02,0.01,0.05,0.06,0.07,0.07,0.15,0.13,0.14,0.12,0.19
mens,word_endings_nouns,NA,0,0,0,0,0,0,0.01,0,0.01,0.02,0.03,0.04,0.04,0.03,0.04
mices,word_endings_nouns,NA,0,0,0,0,0,0,0.01,0,0.01,0.01,0.02,0.01,0.03,0.02,0.02
mouses,word_endings_nouns,NA,0,0.01,0.01,0.01,0.01,0,0.03,0.04,0.03,0.07,0.08,0.09,0.12,0.04,0.15
shoeses,word_endings_nouns,NA,0.01,0.01,0.02,0.05,0.03,0.03,0.06,0.05,0.06,0.08,0.09,0.08,0.1,0.06,0.08
sockses,word_endings_nouns,NA,0.01,0,0.03,0.03,0.04,0.05,0.05,0.05,0.06,0.06,0.05,0.06,0.08,0.04,0.06
teeths,word_endings_nouns,NA,0.01,0.02,0.04,0.07,0.06,0.07,0.13,0.07,0.11,0.11,0.18,0.15,0.16,0.13,0.16
toeses,word_endings_nouns,NA,0.01,0,0.01,0.03,0.03,0.02,0.03,0.02,0.05,0.07,0.05,0.1,0.06,0.04,0.05
tooths,word_endings_nouns,NA,0,0.01,0.01,0.03,0.01,0.01,0.03,0.02,0.05,0.03,0.04,0.06,0.08,0.07,0.08
ated,word_endings_verbs,NA,0,0,0,0,0,0.01,0.01,0,0.01,0.02,0.02,0.04,0.04,0.04,0.05
blewed,word_endings_verbs,NA,0,0,0,0,0,0,0,0,0.01,0.01,0.04,0.02,0.03,0.01,0.01
blowed,word_endings_verbs,NA,0,0,0,0,0.01,0.01,0.04,0.04,0.11,0.09,0.11,0.17,0.24,0.16,0.28
bringed,word_endings_verbs,NA,0,0,0,0,0.01,0,0.01,0.02,0.03,0.04,0.07,0.08,0.11,0.07,0.14
buyed,word_endings_verbs,NA,0,0,0.01,0.01,0,0,0.02,0.02,0.03,0.05,0.07,0.1,0.11,0.11,0.18
breaked,word_endings_verbs,NA,0,0,0.01,0.02,0.01,0.01,0.06,0.03,0.06,0.05,0.09,0.08,0.13,0.1,0.13
broked,word_endings_verbs,NA,0,0,0.01,0.02,0.03,0.03,0.08,0.07,0.08,0.06,0.11,0.13,0.14,0.1,0.15
camed,word_endings_verbs,NA,0,0,0,0,0,0,0.01,0,0,0.01,0.01,0.03,0.02,0.02,0.02
comed,word_endings_verbs,NA,0,0,0,0.01,0.01,0,0.01,0.01,0.01,0.02,0.03,0.03,0.04,0.03,0.04
doed,word_endings_verbs,NA,0,0,0.01,0.01,0,0,0.03,0.02,0.05,0.05,0.06,0.05,0.07,0.06,0.1
dranked,word_endings_verbs,NA,0,0,0,0.01,0,0,0.01,0.01,0.02,0.02,0.05,0.05,0.05,0.03,0.06
drinked,word_endings_verbs,NA,0,0.01,0,0.01,0.03,0.02,0.05,0.04,0.07,0.06,0.14,0.11,0.13,0.11,0.18
eated,word_endings_verbs,NA,0,0.01,0.01,0.01,0.02,0,0.03,0.02,0.04,0.04,0.08,0.08,0.08,0.07,0.13
falled,word_endings_verbs,NA,0,0.01,0.02,0.02,0.03,0.03,0.05,0.04,0.09,0.09,0.15,0.09,0.17,0.11,0.17
flied,word_endings_verbs,NA,0,0,0,0,0,0,0,0.01,0.02,0.03,0.02,0.03,0.06,0.03,0.04
getted,word_endings_verbs,NA,0,0,0,0,0,0.01,0.02,0,0.01,0.02,0.02,0.03,0.04,0.02,0.04
goed,word_endings_verbs,NA,0,0,0.01,0.01,0,0,0.01,0.03,0.04,0.04,0.07,0.05,0.1,0.06,0.13
gotted,word_endings_verbs,NA,0,0,0,0,0,0,0.01,0,0.01,0.02,0.01,0.03,0.02,0.01,0.03
haved,word_endings_verbs,NA,0,0,0,0,0,0,0,0,0.01,0.02,0.01,0.02,0.03,0.03,0.03
heared,word_endings_verbs,NA,0,0,0,0,0,0,0.01,0.02,0.02,0.01,0.02,0.04,0.05,0.02,0.04
holded,word_endings_verbs,NA,0,0,0.01,0,0.01,0,0.01,0.02,0.03,0.02,0.04,0.05,0.07,0.06,0.08
losed,word_endings_verbs,NA,0,0,0,0.01,0,0,0.01,0.02,0.02,0.01,0.02,0.04,0.03,0.03,0.03
losted,word_endings_verbs,NA,0,0,0,0.01,0,0,0.01,0.01,0.02,0.01,0.02,0.02,0.02,0.01,0.03
maked,word_endings_verbs,NA,0,0,0,0.01,0,0,0.02,0.01,0.03,0.04,0.06,0.05,0.09,0.05,0.1
ranned,word_endings_verbs,NA,0,0,0,0,0,0,0.01,0,0.01,0.03,0.02,0.04,0.03,0.03,0.04
runned,word_endings_verbs,NA,0,0,0,0,0.01,0.01,0.02,0.02,0.03,0.04,0.08,0.07,0.09,0.1,0.07
seed,word_endings_verbs,NA,0,0,0,0.01,0,0.01,0.01,0.03,0.02,0.02,0.04,0.04,0.05,0.04,0.07
satted,word_endings_verbs,NA,0,0,0,0,0,0,0,0,0,0.01,0,0.02,0.01,0.01,0.01
sitted,word_endings_verbs,NA,0,0,0.01,0,0,0,0.02,0,0.02,0.02,0.05,0.06,0.05,0.05,0.03
taked,word_endings_verbs,NA,0,0,0.01,0.01,0.01,0,0.03,0.01,0.02,0.03,0.05,0.06,0.1,0.04,0.09
wented,word_endings_verbs,NA,0,0,0,0,0,0,0,0,0,0.01,0.01,0.02,0.01,0.01,0.02
has your child begun to combine word yet?,combine,NA,0,0,0,0,0,0,0,0,0,0,0,0,0,0,0
two shoe / two shoes,complexity,NA,0,0,0,0,0,0,0,0,0,0,0,0,0,0,0
two foot / two feet,complexity,NA,0,0,0,0,0,0,0,0,0,0,0,0,0,0,0
daddy car / daddy's car,complexity,NA,0,0,0,0,0,0,0,0,0,0,0,0,0,0,0
kitty sleep / kitty sleeping,complexity,NA,0,0,0,0,0,0,0,0,0,0,0,0,0,0,0
I make tower / I making tower,complexity,NA,0,0,0,0,0,0,0,0,0,0,0,0,0,0,0
I fall down / I fell down,complexity,NA,0,0,0,0,0,0,0,0,0,0,0,0,0,0,0
more cookie / more cookies,complexity,NA,0,0,0,0,0,0,0,0,0,0,0,0,0,0,0
these my tooth / these my teeth,complexity,NA,0,0,0,0,0,0,0,0,0,0,0,0,0,0,0
baby blanket / baby's blanket,complexity,NA,0,0,0,0,0,0,0,0,0,0,0,0,0,0,0
doggie kiss me / doggie kissed me,complexity,NA,0,0,0,0,0,0,0,0,0,0,0,0,0,0,0
daddy pick me up / daddy picked me up,complexity,NA,0,0,0,0,0,0,0,0,0,0,0,0,0,0,0
kitty go away / kitty went away,complexity,NA,0,0,0,0,0,0,0,0,0,0,0,0,0,0,0
doggie table / doggie on table,complexity,NA,0,0,0,0,0,0,0,0,0,0,0,0,0,0,0
that my truck / that's my truck,complexity,NA,0,0,0,0,0,0,0,0,0,0,0,0,0,0,0
baby crying / baby is crying,complexity,NA,0,0,0,0,0,0,0,0,0,0,0,0,0,0,0
you fix it / can you fix it,complexity,NA,0,0,0,0,0,0,0,0,0,0,0,0,0,0,0
read me story Mommy / read me a story Mommy,complexity,NA,0,0,0,0,0,0,0,0,0,0,0,0,0,0,0
no wash dolly / don't wash dolly,complexity,NA,0,0,0,0,0,0,0,0,0,0,0,0,0,0,0
want more juice / want juice in there,complexity,NA,0,0,0,0,0,0,0,0,0,0,0,0,0,0,0
there a kitty / there's a kitty,complexity,NA,0,0,0,0,0,0,0,0,0,0,0,0,0,0,0
go bye-bye / wanna go bye-bye,complexity,NA,0,0,0,0,0,0,0,0,0,0,0,0,0,0,0
where mommy go / where did mommy go,complexity,NA,0,0,0,0,0,0,0,0,0,0,0,0,0,0,0
coffee hot / that coffee hot,complexity,NA,0,0,0,0,0,0,0,0,0,0,0,0,0,0,0
I no do it / I can't do it,complexity,NA,0,0,0,0,0,0,0,0,0,0,0,0,0,0,0
I like read stories / I like to read stories,complexity,NA,0,0,0,0,0,0,0,0,0,0,0,0,0,0,0
don't read book / don't want you read that book,complexity,NA,0,0,0,0,0,0,0,0,0,0,0,0,0,0,0
turn on light / turn on light so I can see,complexity,NA,0,0,0,0,0,0,0,0,0,0,0,0,0,0,0
I want that / I want that one you got,complexity,NA,0,0,0,0,0,0,0,0,0,0,0,0,0,0,0
want cookies / want cookies and milk,complexity,NA,0,0,0,0,0,0,0,0,0,0,0,0,0,0,0
cookie mommy / cookie for mommy,complexity,NA,0,0,0,0,0,0,0,0,0,0,0,0,0,0,0
baby want eat / baby want to eat,complexity,NA,0,0,0,0,0,0,0,0,0,0,0,0,0,0,0
lookit me / lookit me dancing,complexity,NA,0,0,0,0,0,0,0,0,0,0,0,0,0,0,0
lookit / lookit what I got,complexity,NA,0,0,0,0,0,0,0,0,0,0,0,0,0,0,0
where's my dolly / where's my dolly name Sam,complexity,NA,0,0,0,0,0,0,0,0,0,0,0,0,0,0,0
we made this / me and Paul made this,complexity,NA,0,0,0,0,0,0,0,0,0,0,0,0,0,0,0
I sing song / I sing song for you,complexity,NA,0,0,0,0,0,0,0,0,0,0,0,0,0,0,0
baby crying / baby crying cuz she's sad,complexity,NA,0,0,0,0,0,0,0,0,0,0,0,0,0,0,0